Category,Spectrum Score,Google Title,Real WikiHow Title,URL
Baby Care,0,How to Care for a Baby (with Pictures),How to Care for a Baby,https://www.wikihow.com/Care-for-a-Baby
Baby Care,0,Babies and Infants - how to articles from wikiHow,Babies and Infants,https://www.wikihow.com/Category:Babies-and-Infants
Baby Care,0,Baby Health - how to articles from wikiHow,Baby Health,https://www.wikihow.com/Category:Baby-Health
Baby Care,0,How to Take Care of a Newborn (with Pictures),How to Take Care of a Newborn,https://www.wikihow.com/Take-Care-of-a-Newborn
Baby Care,0,Newborns - how to articles from wikiHow,Newborns,https://www.wikihow.com/Category:Newborns
Baby Care,0,Baby Feeding and Nutrition - how to articles from wikiHow,Baby Feeding and Nutrition,https://www.wikihow.com/Category:Baby-Feeding-and-Nutrition
Baby Care,0,How to Prepare for a New Baby,How to Prepare for a New Baby,https://www.wikihow.com/Prepare-for-a-New-Baby
Baby Care,0,Child Care - how to articles from wikiHow,Child Care,https://www.wikihow.com/Category:Child-Care
Baby Care,0,4 Ways to Handle a Newborn Baby,How to Handle a Newborn Baby,https://www.wikihow.com/Handle-a-Newborn-Baby
Baby Care,0,How to Take Care of Young Children,How to Take Care of Young Children,https://www.wikihow.com/Take-Care-of-Young-Children
Baby Care,0,Baby Sleep - how to articles from wikiHow,Baby Sleep,https://www.wikihow.com/Category:Baby-Sleep
Baby Care,0,Calming a Baby - how to articles from wikiHow,Calming a Baby,https://www.wikihow.com/Category:Calming-a-Baby
Baby Care,0,How to Buy for the Baby's First Year (with Pictures),How to Buy for the Baby's First Year,https://www.wikihow.com/Buy-for-the-Baby%27s-First-Year
Baby Care,0,Pregnancy - how to articles from wikiHow,Pregnancy,https://www.wikihow.com/Category:Pregnancy
Baby Care,0,How to Have a Baby Boy: 6 Tips & 2 Proven Methods,How to Conceive a Boy,https://www.wikihow.com/Have-a-Baby-Boy
Baby Care,0,Baby Bottles and Formula - how to articles from wikiHow,Baby Bottles and Formula,https://www.wikihow.com/Category:Baby-Bottles-and-Formula
Baby Care,0,Parenting - how to articles from wikiHow,Parenting,https://www.wikihow.com/Category:Parenting
Baby Care,0,Articles about Baby Memories and Keepsakes,Baby Memories and Keepsakes,https://www.wikihow.com/Category:Baby-Memories-and-Keepsakes
Baby Care,0,How to Babysit a 1 Year Old: 13 Steps (with Pictures),How to Babysit a 1 Year Old,https://www.wikihow.com/Babysit-a-1-Year-Old
Baby Care,0,3 Ways to Learn About Babies,How to Learn About Babies,https://www.wikihow.com/Learn-About-Babies
Baby Care,0,How to Babysit an Infant: 12 Steps (with Pictures),How to Babysit an Infant,https://www.wikihow.com/Babysit-an-Infant
Baby Care,0,Childhood Health - how to articles from wikiHow,Childhood Health,https://www.wikihow.com/Category:Childhood-Health
Baby Care,0,Childbirth Emergencies - how to articles from wikiHow,Childbirth Emergencies,https://www.wikihow.com/Category:Childbirth-Emergencies
Baby Care,0,4 Ways to Burp Babies,How to Burp Babies,https://www.wikihow.com/Burp-Babies
Baby Care,0,Motherhood - how to articles from wikiHow,Motherhood,https://www.wikihow.com/Category:Motherhood
Baby Care,0,Baby Clothes - how to articles from wikiHow,Baby Clothes,https://www.wikihow.com/Category:Baby-Clothes
Baby Care,0,Baby Recipes - how to articles from wikiHow,Baby Recipes,https://www.wikihow.com/Category:Baby-Recipes
Baby Care,0,How to Babysit,How to Babysit,https://www.wikihow.com/Babysit
Baby Care,0,5 Ways to Increase Weight in Children,How to Increase Weight in Children,https://www.wikihow.com/Increase-Weight-in-Children
Baby Care,0,How to Take Care of a Reborn Baby Doll,How to Take Care of a Reborn Baby Doll,https://www.wikihow.com/Take-Care-of-a-Reborn-Baby-Doll
Baby Care,0,60+ Heartfelt and Meaningful Blessings for Newborns,60+ Inspirational Baby Blessings & Quotes Celebrate a Newborn,https://www.wikihow.com/Blessings-for-Newborns
Baby Care,0,140+ Heartfelt Wishes for a New Born Baby Boy,"140+ Ways to Say ""Congratulations on Your Baby Boy""",https://www.wikihow.com/Wishes-for-New-Born-Baby-Boy
Baby Care,0,3 Ways to Carry a Toddler,How to Carry a Toddler,https://www.wikihow.com/Carry-a-Toddler
Baby Care,0,Naming a Baby - how to articles from ...,Naming a Baby,https://www.wikihow.com/Category:Naming-a-Baby
Baby Care,0,How to Study when You Have Children (with Pictures),How to Study when You Have Children,https://www.wikihow.com/Study-when-You-Have-Children
Baby Care,0,Baby Showers - how to articles from wikiHow,Baby Showers,https://www.wikihow.com/Category:Baby-Showers
Baby Care,0,Teaching Children Skills - how to articles from wikiHow,Teaching Children Skills,https://www.wikihow.com/Category:Teaching-Children-Skills
Baby Care,0,"150+ Baby Boy Nicknames: Sweet, Cute & Funny Ideas",150+ Ultimate Baby Nicknames for Boys,https://www.wikihow.com/Baby-Boy-Nicknames
Baby Care,0,3 Ways to Get Free Baby Formula,How to Get Free Baby Formula,https://www.wikihow.com/Get-Free-Baby-Formula
Baby Care,0,How to Bring a Baby to the Movies: 13 Steps (with Pictures),How to Bring a Baby to the Movies,https://www.wikihow.com/Bring-a-Baby-to-the-Movies
Baby Care,0,"100+ ""Have a Blessed Week"" Messages: Prayers, Quotes ...","100+ Quotes, Wishes & Messages to Wish Someone a Blessed Week",https://www.wikihow.com/Have-a-Blessed-Week
Baby Care,0,How to Be a Good Child: 10 Steps (with Pictures),How to Be a Good Child,https://www.wikihow.com/Be-a-Good-Child
Baby Care,0,3 Ways to Volunteer As a Hospital Baby Cuddler,How to Volunteer As a Hospital Baby Cuddler,https://www.wikihow.com/Volunteer-As-a-Hospital-Baby-Cuddler
Baby Care,0,3 Ways to Discipline a Group of Children,How to Discipline a Group of Children,https://www.wikihow.com/Discipline-a-Group-of-Children
Baby Care,0,3 Ways to Grow Out Baby Hairs,How to Grow Out Baby Hairs,https://www.wikihow.com/Grow-Out-Baby-Hairs
Baby Care,0,Child Abuse - how to articles from wikiHow,Child Abuse,https://www.wikihow.com/Category:Child-Abuse
Baby Care,0,190+ Gender-Neutral Names for Babies,190+ Cool & Unique Unisex Names (+ Name Generator),https://www.wikihow.com/Gender-Neutral-Names
Baby Care,0,Everything You Need to Know About a B Belly Shape,Everything You Need to Know About a B Belly Shape,https://www.wikihow.com/B-Shaped-Belly
Baby Care,0,Candlestick Pattern Cheat Sheet: 37 Key Signals to Learn,A Beginner’s Guide to Candlestick Patterns,https://www.wikihow.com/Candlestick-Patterns-Cheat-Sheet
Baby Care,0,Skin Care - how to articles from wikiHow,Skin Care,https://www.wikihow.com/Category:Skin-Care
Baby Care,0,200 Fun Truth or Dare Questions To Send Over Text,Virtual Truth or Dare Questions to Keep Things Interesting,https://www.wikihow.com/Truth-or-Dare-Questions-over-Text
Baby Care,0,"225 Islamic Birthday Wishes, Quotes, & Duas",The Best Birthday Wishes in Islam: 225 Message Ideas,https://www.wikihow.com/Birthday-Wishes-Islam
Baby Care,0,Happy One Month Anniversary Messages,Celebrate Your One Month Anniversary with These Sweet Messages,https://www.wikihow.com/Happy-One-Month-Anniversary
Baby Care,0,First Name Analysis: How Rare Is Your Name?,How Rare Is Your Name?,https://www.wikihow.com/How-Rare-Is-My-Name
Baby Care,0,wikiHow: How-to instructions you can trust.,"Welcome to wikiHow, the most trusted how-to site on the internet.",https://www.wikihow.com/Main-Page
Baby Care,0,200+ Heartfelt Good Evening Messages for a Friend,"200+ Good Evening Messages for a Friend: Female, Male & Long-Distance",https://www.wikihow.com/Good-Evening-Message-for-a-Friend
Baby Care,0,"200+ Facebook Bio Ideas: Short, Funny, Creative & More",How to Make a Facebook Bio: 200+ Engaging Examples (+ Writing Tips),https://www.wikihow.com/Facebook-Bio
Baby Care,0,Cool Username Generators,Cool Username Generators,https://www.wikihow.com/Cool-Username-Generators
Baby Care,0,How to Determine Your Blood Type: 7 Simple Methods,7 Easy Ways to Figure Out Your Blood Type (With or Without a Test),https://www.wikihow.com/Determine-Your-Blood-Type
Baby Care,0,"130+ Heartfelt Baby Loss Quotes, Messages, & Poems",130+ Pregnancy & Baby Loss Quotes For Comfort and Healing,https://www.wikihow.com/Baby-Loss-Quotes
Baby Care,0,How to Run Away From Home (with Pictures),How to Run Away From Home,https://www.wikihow.com/Run-Away-From-Home
Baby Care,0,3 Ways to Care for Peacocks,How to Care for Peacocks,https://www.wikihow.com/Care-for-Peacocks
Baby Care,0,A Complete Guide to Feeding a Mother Dog After Labor,A Complete Guide to Feeding a Mother Dog After Labor,https://www.wikihow.com/Feed-and-Hydrate-a-Mother-Dog
Baby Care,0,200+ Witty Good Morning Messages to Brighten Their Day,200+ Witty Good Morning Messages to Make Them Smile,https://www.wikihow.com/Witty-Good-Morning
Baby Care,0,200+ I Love You More than Quotes and Phrases,200+ Best Expressions to Say “I Love You More than…”,https://www.wikihow.com/I-Love-You-More-than
Baby Care,0,7 Ways to Care for Your New Baby,How to Care for Your New Baby,https://www.wikihow.com/Care-for-Your-New-Baby
Baby Care,0,How to Bottle Feed a Newborn (with Pictures),How to Bottle Feed a Newborn,https://www.wikihow.com/Bottle-Feed-a-Newborn
Baby Care,0,How to Help Relieve Gas in Babies: 15 Steps (with Pictures),How to Help Relieve Gas in Babies,https://www.wikihow.com/Help-Relieve-Gas-in-Babies
Baking,2,Baking - how to articles from wikiHow,Baking,https://www.wikihow.com/Category:Baking
Baking,2,How to Bake (with Pictures),How to Bake,https://www.wikihow.com/Bake
Baking,2,"How to Bake a Simple, Plain Cake from Scratch","How to Bake a Simple, Plain Cake from Scratch",https://www.wikihow.com/Make-a-Plain-Cake
Baking,2,Recipes - how to articles from wikiHow,Recipes,https://www.wikihow.com/Category:Recipes
Baking,2,How to Bake a Cake: 3 Delicious Recipes,Beginner-Friendly Cake Recipes to Make From Scratch,https://www.wikihow.com/Bake-a-Cake
Baking,2,Cakes - how to articles from wikiHow,Cakes,https://www.wikihow.com/Category:Cakes
Baking,2,Cake Making Tips - how to articles from wikiHow,Cake Making Tips,https://www.wikihow.com/Category:Cake-Making-Tips
Baking,2,How to Bake a Cake on Your Stovetop,How to Bake a Cake on Your Stovetop,https://www.wikihow.com/Bake-a-Cake-on-Your-Stovetop
Baking,2,Basic Cooking Skills - how to articles from wikiHow,Basic Cooking Skills,https://www.wikihow.com/Category:Basic-Cooking-Skills
Baking,2,How to Bake Buns: 15 Steps (with Pictures),How to Bake Buns,https://www.wikihow.com/Bake-Buns
Baking,2,Cake Decorating - how to articles from wikiHow,Cake Decorating,https://www.wikihow.com/Category:Cake-Decorating
Baking,2,How to Make an Easy and Delicious Chocolate Cake,How to Make a Chocolate Cake,https://www.wikihow.com/Make-a-Chocolate-Cake
Baking,2,4 Ways to Make Cookies in the Microwave,How to Make Cookies in the Microwave,https://www.wikihow.com/Make-Cookies-in-the-Microwave
Baking,2,Bakeware - how to articles from wikiHow,Bakeware,https://www.wikihow.com/Category:Bakeware
Baking,2,Baking for Beginners,Baking for Beginners,https://www.wikihow.com/Course/Baking-for-Beginners
Baking,2,How to Fold (Baking): 5 Steps (with Pictures),How to Fold (Baking),https://www.wikihow.com/Fold-(Baking)
Baking,2,How to Bake a Cake Using a Jiko (with Pictures),How to Bake a Cake Using a Jiko,https://www.wikihow.com/Bake-a-Cake-Using-a-Jiko
Baking,2,How to Make Butter Cookies: 11 Steps (with Pictures),How to Make Butter Cookies,https://www.wikihow.com/Make-Butter-Cookies
Baking,2,3 Ways to Make a Cake Using a Pressure Cooker,How to Make a Cake Using a Pressure Cooker,https://www.wikihow.com/Make-a-Cake-Using-a-Pressure-Cooker
Baking,2,4 Ways to Bake in a Microwave,How to Bake in a Microwave,https://www.wikihow.com/Bake-in-a-Microwave
Baking,2,3 Ways to Make Cake Without an Oven,How to Make Cake Without an Oven,https://www.wikihow.com/Make-Cake-Without-an-Oven
Baking,2,How to Bake a Two Layer Cake: A Step-by-Step Guide,How to Bake a Two Layer Cake: A Step-by-Step Guide,https://www.wikihow.com/Bake-a-Two-Layer-Cake
Baking,2,How to Make a Quick Homemade Bread (with Pictures),How to Make a Quick Homemade Bread,https://www.wikihow.com/Make-a-Quick-Homemade-Bread
Baking,2,6 Ways to Bake Potatoes,How to Bake Potatoes,https://www.wikihow.com/Bake-Potatoes
Baking,2,How to Bake Nigerian Cake: 12 Steps (with Pictures),How to Bake Nigerian Cake,https://www.wikihow.com/Bake-Nigerian-Cake
Baking,2,How to Bake Cakes in Springform Pans,How to Bake Cakes in Springform Pans,https://www.wikihow.com/Bake-Cakes-in-Springform-Pans
Baking,2,How to Make Basic Cupcakes: 10 Steps (with Pictures),How to Make Basic Cupcakes,https://www.wikihow.com/Make-Basic-Cupcakes
Baking,2,How to Bake Bread on the Stovetop (with Pictures),How to Bake Bread on the Stovetop,https://www.wikihow.com/Bake-Bread-on-the-Stovetop
Baking,2,6 Ways to Make Homemade Cookies,How to Make Homemade Cookies,https://www.wikihow.com/Make-Homemade-Cookies
Baking,2,Video: How to Make a Layer Cake,How to Make a Layer Cake,https://www.wikihow.com/Video/Make-a-Layer-Cake
Baking,2,How to Make English Biscuits: Step-by-Step Guide,How to Make English Biscuits: Step-by-Step Guide,https://www.wikihow.com/Make-Basic-Biscuits
Baking,2,How to Become a Baker: 14 Steps (with Pictures),How to Become a Baker,https://www.wikihow.com/Become-a-Baker
Baking,2,How to Stop a Cake from Browning Too Much,How to Stop a Cake from Browning Too Much,https://www.wikihow.com/Stop-a-Cake-from-Browning-Too-Much
Baking,2,How to Make Flour: 9 Steps (with Pictures),How to Make Flour,https://www.wikihow.com/Make-Flour
Baking,2,How to Bake Cookies on Your Car Dashboard: 11 Steps,How to Bake Cookies on Your Car Dashboard,https://www.wikihow.com/Bake-Cookies-on-Your-Car-Dashboard
Baking,2,How to Grease and Flour a Pan: 9 Steps (with Pictures),How to Grease and Flour a Pan,https://www.wikihow.com/Grease-and-Flour-a-Pan
Baking,2,14 Easy Ways to Make Boxed Cake Mix Taste Homemade,14 Easy Ways to Make Boxed Cake Mix Taste Homemade,https://www.wikihow.com/Make-Box-Cake-Taste-Like-Bakery-Cake
Electrical Wiring,9,Electrical Wiring and Safety Switches,Electrical Wiring and Safety Switches,https://www.wikihow.com/Category:Electrical-Wiring-and-Safety-Switches
Electrical Wiring,9,How to Connect and Hook Up Electrical Wires,How to Connect Electrical Wires,https://www.wikihow.com/Connect-Electrical-Wire
Electrical Wiring,9,Cabling and Wiring Connection - how to articles from ...,Cabling and Wiring Connection,https://www.wikihow.com/Category:Cabling-and-Wiring-Connection
Electrical Wiring,9,Electrical Maintenance - how to articles from wikiHow,Electrical Maintenance,https://www.wikihow.com/Category:Electrical-Maintenance
Electrical Wiring,9,How to Wire an Electrical Socket: 13 Steps (with Pictures),How to Wire an Electrical Socket,https://www.wikihow.com/Wire-an-Electrical-Socket
Electrical Wiring,9,How to Make a Simple Electrical Circuit,How to Make a Simple Electrical Circuit,https://www.wikihow.com/Make-a-Simple-Electrical-Circuit
Electrical Wiring,9,"How to Identify Positive & Negative Wires: AC, DC, & More",Identifying Positive & Negative Wires: Colors & Power Types,https://www.wikihow.com/Identify-Positive-and-Negative-Wires
Electrical Wiring,9,How to Install Outdoor Electric Wiring Above & Below Ground,How to Install Outdoor Electric Wiring for Beginners,https://www.wikihow.com/Install-Outdoor-Electric-Wiring
Electrical Wiring,9,How to Wire a Simple 120v Electrical Circuit (with Pictures),How to Wire a Simple 120v Electrical Circuit,https://www.wikihow.com/Wire-a-Simple-120v-Electrical-Circuit
Electrical Wiring,9,How to Install Electrical Conduits: 6 Steps (with Pictures),How to Install Electrical Conduits,https://www.wikihow.com/Install-Electrical-Conduits
Electrical Wiring,9,How to Wire a 3 Way Light Switch (with Pictures),How to Wire a 3 Way Light Switch,https://www.wikihow.com/Wire-a-3-Way-Light-Switch
Electrical Wiring,9,How to Wire a Light: Easy Steps for Beginners,How to Wire a Light,https://www.wikihow.com/Wire-a-Light
Electrical Wiring,9,How to Wire a Wall Switch: 14 Steps (with Pictures),How to Wire a Wall Switch,https://www.wikihow.com/Wire-a-Wall-Switch
Electrical Wiring,9,How to Wire a 220V Outlet: A Step-by-Step Guide,How to Wire a 220V Outlet: A Step-by-Step Guide,https://www.wikihow.com/Wire-a-220V-Outlet
Electrical Wiring,9,How to Install an Electrical Outlet from Scratch (with Pictures),How to Install an Electrical Outlet from Scratch,https://www.wikihow.com/Install-an-Electrical-Outlet-from-Scratch
Electrical Wiring,9,How to Wire a UK Plug: 12 Steps (with Pictures),How to Wire a UK Plug,https://www.wikihow.com/Wire-a-UK-Plug
Electrical Wiring,9,How to Wire a 4 Way Switch (with Pictures),How to Wire a 4 Way Switch,https://www.wikihow.com/Wire-a-4-Way-Switch
Electrical Wiring,9,How to Make a Parallel Circuit (with Pictures),How to Make a Parallel Circuit,https://www.wikihow.com/Make-a-Parallel-Circuit
Electrical Wiring,9,How to Make a Network Cable: Easy Steps (with Pictures),How to Make an Ethernet Cable: A Step-by-Step Guide,https://www.wikihow.com/Make-a-Network-Cable
Electrical Wiring,9,How to Find and Trace Electrical Wires in Walls,How to Find and Trace Electrical Wires in Walls,https://www.wikihow.com/Find-Electrical-Wires-in-a-Wall
Electrical Wiring,9,How to Crimp Rj45: 14 Steps (with Pictures),How to Crimp Rj45,https://www.wikihow.com/Crimp-Rj45
Electrical Wiring,9,How to Wire a Breaker Circuit,How to Wire a Breaker Circuit,https://www.wikihow.com/Wire-a-Breaker-Circuit
Electrical Wiring,9,Simple Steps to Remove and Wire a Two-Way Double Switch,Simple Steps to Remove and Wire a Two-Way Double Switch,https://www.wikihow.com/Wire-a-Double-Switch
Electrical Wiring,9,3 Ways to Gauge Wire,How to Gauge Wire,https://www.wikihow.com/Gauge-Wire
Electrical Wiring,9,How to Use Armored (BX) Electrical Cable Correctly & Safely,The Ultimate How-To Guide for Installing BX Electrical Cables,https://www.wikihow.com/Use-Armored-(BX)-Electrical-Cable
Electrical Wiring,9,How to Wire a GFCI Outlet or Breaker,How to Wire a GFCI Outlet or Breaker,https://www.wikihow.com/Wire-GFCI
Electrical Wiring,9,How to Install a Circuit Breaker: 14 Steps (with Pictures),How to Install a Circuit Breaker,https://www.wikihow.com/Install-a-Circuit-Breaker
Electrical Wiring,9,Everything You Need to Know About Knob & Tube Wiring,"What is Knob & Tube Wiring: History, Safety, and Repair",https://www.wikihow.com/Knob-and-Tube-Wiring
Electrical Wiring,9,How to Wire an Electric Dryer: 6 Steps (with Pictures),How to Wire an Electric Dryer,https://www.wikihow.com/Wire-an-Electric-Dryer
Electrical Wiring,9,How to Install a Transfer Switch (with Pictures),How to Install a Transfer Switch,https://www.wikihow.com/Install-a-Transfer-Switch
Electrical Wiring,9,How to Add an Electrical Outlet to a Wall,How to Add an Electrical Outlet to a Wall,https://www.wikihow.com/Add-an-Electrical-Outlet-to-a-Wall
Electrical Wiring,9,How to Connect Ceiling Fan Wires (with Pictures),How to Connect Ceiling Fan Wires,https://www.wikihow.com/Connect-Ceiling-Fan-Wires
Electrical Wiring,9,How to Fix Exposed Electrical Wire: 3 Easy Options (& Tips!),How to Fix Exposed Electrical Wire,https://www.wikihow.com/Fix-Exposed-Electrical-Wire
Electrical Wiring,9,Simple Ways to Check Earthing at Home,How to Check Earthing at Home,https://www.wikihow.com/Check-Earthing-at-Home
Electrical Wiring,9,How to Install a Junction Box: Step-by-Step Tutorial,How to Mount and Wire a Junction Box,https://www.wikihow.com/Install-a-Junction-Box
Electrical Wiring,9,3 Ways to Connect an Ammeter,How to Connect an Ammeter,https://www.wikihow.com/Connect-an-Ammeter
Electrical Wiring,9,How to Install Ground Rods: 11 Simple Steps (with Pictures),The Ultimate Guide to Ground Rod Installation,https://www.wikihow.com/Install-Ground-Rods
Electrical Wiring,9,How to Wire a Toggle Switch to a Device,How to Wire a Toggle Switch to a Device,https://www.wikihow.com/Install-a-Toggle-Switch
Electrical Wiring,9,How to Fish Wires Through a Conduit or Pipe: 5 Steps,How to Fish Wires Through a Conduit or Pipe,https://www.wikihow.com/Fish-Wires-Through-a-Conduit-or-Pipe
Electrical Wiring,9,How to Wire an Electric Cooker: 14 Steps (with Pictures),How to Wire an Electric Cooker,https://www.wikihow.com/Wire-an-Electric-Cooker
Electrical Wiring,9,3 Ways to Test a Circuit,How to Test a Circuit,https://www.wikihow.com/Test-a-Circuit
Electrical Wiring,9,How to Bend Conduit: 14 Steps (with Pictures),How to Bend Conduit,https://www.wikihow.com/Bend-Conduit
Electrical Wiring,9,Articles about Measuring Power Current and Energy,Measuring Power Current and Energy,https://www.wikihow.com/Category:Measuring-Power-Current-and-Energy
Electrical Wiring,9,How to Make an Electromagnet: 14 Steps (with Pictures),How to Make an Electromagnet,https://www.wikihow.com/Make-an-Electromagnet
Electrical Wiring,9,How to Find the Fuse Box or Circuit Breaker Box: 12 Steps,How to Find the Fuse Box or Circuit Breaker Box,https://www.wikihow.com/Find-the-Fuse-Box-or-Circuit-Breaker-Box
Electrical Wiring,9,How to Make a Simple Electric Generator,How to Make a Simple Electric Generator,https://www.wikihow.com/Make-a-Simple-Electric-Generator
Electrical Wiring,9,3 Ways to Test a Light Switch,How to Test a Light Switch,https://www.wikihow.com/Test-a-Light-Switch
Electrical Wiring,9,How to Diagnose a Problem in Your Ceiling Fan,How to Diagnose a Problem in Your Ceiling Fan,https://www.wikihow.com/Diagnose-a-Problem-in-Your-Ceiling-Fan
Electrical Wiring,9,3 Ways to Hotwire a Car,How to Hotwire a Car,https://www.wikihow.com/Hotwire-a-Car
Electrical Wiring,9,How to Install a Ceiling Fan By Yourself,How to Install a Ceiling Fan By Yourself,https://www.wikihow.com/Install-a-Ceiling-Fan
Electrical Wiring,9,How to Fish Wires through Walls: Easiest DIY Method,How to Run Electrical Wires through Finished Walls,https://www.wikihow.com/Fish-Wires-Through-Walls
Electrical Wiring,9,How to Test Voltage with a Multimeter (Digital or Analog),How to Use a Multimeter to Check Voltage (Digital & Analog),https://www.wikihow.com/Test-Voltage-with-a-Multimeter
Electrical Wiring,9,How to Make a Light Bulb (with Pictures),How to Make a Light Bulb,https://www.wikihow.com/Make-a-Light-Bulb
Electrical Wiring,9,How to Use a Voltmeter: 12 Steps (with Pictures),How to Use a Voltmeter,https://www.wikihow.com/Use-a-Voltmeter
Electrical Wiring,9,3 Easy Ways to Straighten a Wire,How to Straighten a Wire,https://www.wikihow.com/Straighten-a-Wire
Electrical Wiring,9,Motors Generators and Transformers - how to articles from ...,Motors Generators and Transformers,https://www.wikihow.com/Category:Motors-Generators-and-Transformers
Electrical Wiring,9,How to Prevent Electrical Shock (with Pictures),How to Prevent Electrical Shock,https://www.wikihow.com/Prevent-Electrical-Shock
Electrical Wiring,9,How to Install a Split System Air Conditioner: 15 Steps,How to Install a Split System Air Conditioner,https://www.wikihow.com/Install-a-Split-System-Air-Conditioner
Electrical Wiring,9,Home Maintenance - how to articles from wikiHow,Home Maintenance,https://www.wikihow.com/Category:Home-Maintenance
Electrical Wiring,9,How to Prevent Home Accidents: 5 Ways to Stay Safe,Keeping Your Family Safe at Home: Avoiding Common Accidents,https://www.wikihow.com/Prevent-Home-Accidents
Electrical Wiring,9,How to Create an Inventory List in Excel (with Pictures),How to Create an Inventory List in Microsoft Excel: Step-by-Step Guide,https://www.wikihow.com/Create-an-Inventory-List-in-Excel
Electrical Wiring,9,How to Wire a 3-Way Switch: Step-by-Step DIY Guide,How to Wire a 3 Way Switch,https://www.wikihow.com/Wire-a-3-Way-Switch
Electrical Wiring,9,5 Ways to Use Your Home Wiring as a TV or Radio Antenna,How to Use Your Home Wiring as a TV or Radio Antenna,https://www.wikihow.com/Use-Your-Home-Wiring-as-a-TV-or-Radio-Antenna
Electrical Wiring,9,How to Identify a 3-Phase or Single-Phase Power Supply,How to Identify 3-Phase (Or Single Phase) Electricity In Your Home,https://www.wikihow.com/Identify-Single%E2%80%90Phase-or-3%E2%80%90Phase
Electrical Wiring,9,Formulas for Calculating Series and Parallel Resistance,How to Calculate Series and Parallel Resistance,https://www.wikihow.com/Calculate-Series-and-Parallel-Resistance
Electrical Wiring,9,How to Replace a Defective Electrical Switch or Outlet,How to Replace a Defective Electrical Switch or Outlet,https://www.wikihow.com/Replace-a-Defective-Electrical-Switch-or-Outlet
Electrical Wiring,9,How to Wire a Garbage Disposal to a Switch (with Pictures),How to Wire a Garbage Disposal to a Switch,https://www.wikihow.com/Wire-a-Garbage-Disposal-to-a-Switch
Electrical Wiring,9,Simple Ways to Wire a Light Sensor: 15 Steps (with Pictures),How to Wire a Light Sensor,https://www.wikihow.com/Wire-a-Light-Sensor
Electrical Wiring,9,How to Wire a Baldor 3 Phase Motor: 13 Steps (with Pictures),How to Wire a Baldor 3 Phase Motor,https://www.wikihow.com/Wire-a-Baldor-3-Phase-Motor
Electrical Wiring,9,3 Ways to Wire a Lamp,How to Wire a Lamp,https://www.wikihow.com/Wire-a-Lamp
Electrical Wiring,9,Easy Ways to Use a Transistor: 14 Steps (with Pictures),How to Use a Transistor,https://www.wikihow.com/Use-a-Transistor
Electrical Wiring,9,"How to Install a Chandelier: Fitting, Wiring, & More",How to Install and Wire a New Chandelier,https://www.wikihow.com/Install-a-Chandelier
Electrical Wiring,9,How to Install Cable Television: 14 Steps (with Pictures),How to Install Cable Television,https://www.wikihow.com/Install-Cable-Television
Electrical Wiring,9,How to Strip a Wire (With or Without a Wire Stripper),"6 Ways to Strip Wire, With or Without a Wire Stripper",https://www.wikihow.com/Strip-Wire
Electrical Wiring,9,How Do 15A and 20A Outlets Differ? What You Should Know,How Do 15A and 20A Outlets Differ? What You Should Know,https://www.wikihow.com/15-Amp-vs-20-Amp-Outlet
Electrical Wiring,9,The 3 Best Ways to Determine Amperage of Circuit Breaker,How to Determine Amperage of Circuit Breaker,https://www.wikihow.com/Determine-Amperage-of-Circuit-Breaker
Electrical Wiring,9,Simple Ways to Fit Downlights: 15 Steps (with Pictures),How to Fit Downlights,https://www.wikihow.com/Fit-Downlights
Electrical Wiring,9,How to Change a Circuit Breaker (with Pictures),How to Change a Circuit Breaker,https://www.wikihow.com/Change-a-Circuit-Breaker
Electrical Wiring,9,How to Install Flood Lights (with Pictures),How to Install Flood Lights,https://www.wikihow.com/Install-Flood-Lights
Electrical Wiring,9,How to Find What Is Tripping My Circuit Breaker: Easy Tests,Does Your Circuit Breaker Keep Tripping? Here’s How to Find the Cause,https://www.wikihow.com/Find-What-Is-Tripping-My-Circuit-Breaker
Electrical Wiring,9,4 Ways to Bend EMT Conduit,How to Bend EMT Conduit,https://www.wikihow.com/Bend-EMT-Conduit
Electrical Wiring,9,How to Add a Subpanel (with Pictures),How to Add a Subpanel,https://www.wikihow.com/Add-a-Subpanel
Electrical Wiring,9,How to Test an Outlet with a Multimeter,How to Test an Outlet with a Multimeter,https://www.wikihow.com/Test-an-Outlet-with-a-Multimeter
Electrical Wiring,9,3 Ways to Cut Armored Cable,How to Cut Armored Cable,https://www.wikihow.com/Cut-Armored-Cable
Electrical Wiring,9,How to Hide Electrical Outlets: 12 Easy Solutions,12 Clever Ways to Cover & Hide Outlets,https://www.wikihow.com/Hide-Electrical-Outlets
Electrical Wiring,9,wikiHow Expert Co-author: James Hornof,James Hornof,https://www.wikihow.com/Author/James-Hornof
Electrical Wiring,9,How to Expand Heat Shrink Tubing: 9 Steps (with Pictures),How to Expand Heat Shrink Tubing,https://www.wikihow.com/Expand-Heat-Shrink-Tubing
Electrical Wiring,9,How to Test a Fuse With a Multimeter: 7 Steps (with Pictures),How to Test a Fuse With a Multimeter,https://www.wikihow.com/Test-a-Fuse-With-a-Multimeter
Electrical Wiring,9,How to Install a Subwoofer in your Car,How to Install a Subwoofer,https://www.wikihow.com/Install-Subwoofers
Electrical Wiring,9,How to Check Fuses (with Pictures),How to Check Fuses,https://www.wikihow.com/Check-Fuses
Electrical Wiring,9,How to Become a Licensed Electrician,How to Become a Licensed Electrician,https://www.wikihow.com/Become-a-Licensed-Electrician
Electrical Wiring,9,wikiHow Expert Co-author: Frank Boss,Frank Boss,https://www.wikihow.com/Author/Frank-Boss
Electrical Wiring,9,How to Become a Journeyman Electrician (US),How to Become a Journeyman Electrician (US),https://www.wikihow.com/Become-a-Journeyman-Electrician-(US)
Electrical Wiring,9,How to Make a Tesla Coil: 13 Steps (with Pictures),How to Make a Tesla Coil,https://www.wikihow.com/Make-a-Tesla-Coil
Electrical Wiring,9,How to Write an Internship Report: Outline & Examples,How to Write an Internship Report: Outline & Examples,https://www.wikihow.com/Write-a-Report-After-an-Internship
Electrical Wiring,9,3 Simple Ways to Install Solar Panels,How to Install Solar Panels,https://www.wikihow.com/Install-Solar-Panels
Electrical Wiring,9,3 Ways to Extinguish a Fire at the Initial Stages,How to Extinguish a Fire at the Initial Stages,https://www.wikihow.com/Extinguish-a-Fire-at-the-Initial-Stages
Electrical Wiring,9,How to Build a Swimming Pool (with Pictures),How to Build a Swimming Pool,https://www.wikihow.com/Build-a-Swimming-Pool
Electrical Wiring,9,How to Sell Scrap Metal (with Pictures),How to Sell Scrap Metal,https://www.wikihow.com/Sell-Scrap-Metal
Electrical Wiring,9,How to Pull an Electric Meter: 12 Steps (with Pictures),How to Pull an Electric Meter,https://www.wikihow.com/Pull-an-Electric-Meter
Electrical Wiring,9,How to Stop Amp Hum and Buzzing: Simple Fixes,How to Stop a Guitar Amp from Buzzing or Humming,https://www.wikihow.com/Stop-Amp-Hum
Electrical Wiring,9,How to Read a Reflected Ceiling Plan: 9 Steps (with Pictures),How to Read a Reflected Ceiling Plan,https://www.wikihow.com/Read-a-Reflected-Ceiling-Plan
Electrical Wiring,9,How to Heat a Garage: 5 Steps (with Pictures),How to Heat a Garage,https://www.wikihow.com/Heat-a-Garage
Electrical Wiring,9,How to Get Rid of Ghosts in Your House: Expert Advice,How to Get Rid of a Ghost in Your House (& Signs Your House is Haunted),https://www.wikihow.com/Get-a-Ghost-out-of-Your-House
Electrical Wiring,9,How to Oil a Ceiling Fan (with Pictures),How to Oil a Ceiling Fan,https://www.wikihow.com/Oil-a-Ceiling-Fan
Electrical Wiring,9,How to Make Sugar Rockets (with Pictures),How to Make Sugar Rockets,https://www.wikihow.com/Make-Sugar-Rockets
Electrical Wiring,9,How to Install or Replace a Residential Telephone Jack,How to Hook Up Telephone Jack Yourself,https://www.wikihow.com/Install-a-Residential-Telephone-Jack
Electrical Wiring,9,How to Solder Wires Together: 14 Steps (with Pictures),How to Solder Wires Together,https://www.wikihow.com/Solder-Wires-Together
Electrical Wiring,9,How to Change a Car Radiator (with Pictures),How to Change a Car Radiator,https://www.wikihow.com/Change-a-Car-Radiator
Electrical Wiring,9,"How to Tell What Animal Is in Your Wall: Signs, Removal, & ...",Do You Have Animals in Your Walls? Dealing with Animals in Your Walls or Attic,https://www.wikihow.com/Tell-What-Animal-Is-in-My-Wall
Electrical Wiring,9,3 Ways to Use Wire Strippers,How to Use Wire Strippers,https://www.wikihow.com/Use-Wire-Strippers
Electrical Wiring,9,Signs of a Bad Car Battery vs. Alternator: Expert Tips,How to Tell if Your Car Battery or Alternator Is Bad,https://www.wikihow.com/Signs-of-a-Bad-Car-Battery-vs-Alternator
Electrical Wiring,9,How to Read Architect's Drawings (with Pictures),How to Read Architect's Drawings,https://www.wikihow.com/Read-Architect%27s-Drawings
Electrical Wiring,9,How to Install Rope Lighting: 8 Steps (with Pictures),How to Install Rope Lighting,https://www.wikihow.com/Install-Rope-Lighting
Electrical Wiring,9,How to Blow a Fuse: 7 Steps (with Pictures),How to Blow a Fuse,https://www.wikihow.com/Blow-a-Fuse
Electrical Wiring,9,How to Insulate a Shed (with Pictures),How to Insulate a Shed,https://www.wikihow.com/Insulate-a-Shed
Electrical Wiring,9,How to Be Busy to Keep Yourself Meaningfully Occupied,How to Be Busy to Keep Yourself Meaningfully Occupied,https://www.wikihow.com/Be-Busy
Electrical Wiring,9,Simple Ways to Drill a Hole in the Wall,How to Drill a Hole in the Wall,https://www.wikihow.com/Drill-a-Hole-in-the-Wall
Electrical Wiring,9,How to Install a Hampton Bay Ceiling Fan (with Pictures),How to Install a Hampton Bay Ceiling Fan,https://www.wikihow.com/Install-a-Hampton-Bay-Ceiling-Fan
Electrical Wiring,9,How to Manually Move a Power Seat,Moving a Vehicle’s Electric Power Seat Forward or Back Manually,https://www.wikihow.com/Manually-Move-a-Power-Seat
Electrical Wiring,9,How to Install a Kitchen Range Hood,How to Install a Kitchen Range Hood,https://www.wikihow.com/Install-a-Range-Hood
Electrical Wiring,9,wikiHow Expert Co-author: Ricardo Mitchell,Ricardo Mitchell,https://www.wikihow.com/Author/Ricardo-Mitchell
Electrical Wiring,9,Simple Ways to Use Soldering Flux (with Pictures),How to Use Soldering Flux,https://www.wikihow.com/Use-Soldering-Flux
Electrical Wiring,9,How to Knock Down a Wall (with Pictures),How to Knock Down a Wall,https://www.wikihow.com/Knock-Down-a-Wall
Electrical Wiring,9,How to Re Fuse a Power Supply: 10 Easy Steps,How to Re Fuse a Power Supply,https://www.wikihow.com/Re-Fuse-a-Power-Supply
Electrical Wiring,9,Video: How to Test a Fuse With a Multimeter,How to Test a Fuse With a Multimeter,https://www.wikihow.com/Video/Test-a-Fuse-With-a-Multimeter
Electrical Wiring,9,How to Build a Model Railroad: 13 Steps (with Pictures),How to Build a Model Railroad,https://www.wikihow.com/Build-a-Model-Railroad
Electrical Wiring,9,How to Connect Two Windows or Mac Computers,Connect Two Computers: Microsoft Windows & Mac OS X,https://www.wikihow.com/Connect-Two-Computers
Electrical Wiring,9,3 Ways to Test Fuses with a Test Light,How to Test Fuses with a Test Light,https://www.wikihow.com/Test-Fuses-with-a-Test-Light
Electrical Wiring,9,"Car Won't Turn over but Has Power: Causes, Fixes, and ...","Car Not Starting, but Still Has Power? These Are the Most Common Causes",https://www.wikihow.com/Car-Wont-Turn-over-but-Has-Power
Electrical Wiring,9,How to Install LED Lights on a Motorcycle: 11 Steps,How to Install LED Lights on a Motorcycle,https://www.wikihow.com/Install-LED-Lights-on-a-Motorcycle
Electrical Wiring,9,How to Test a Smoke Detector (And When to Replace One),How to Test a Smoke Alarm (Plus Other Fire Safety Tips),https://www.wikihow.com/Test-a-Smoke-Detector
Electrical Wiring,9,How to Check Your Air Conditioner Before Calling for Service,How to Check Your Air Conditioner Before Calling for Service,https://www.wikihow.com/Check-Your-Air-Conditioner-Before-Calling-for-Service
Electrical Wiring,9,How to Install Outdoor Lighting: 14 Steps (with Pictures),How to Install Outdoor Lighting,https://www.wikihow.com/Install-Outdoor-Lighting
Electrical Wiring,9,Your Ultimate Guide for Finding a New Hobby You Enjoy,Your Ultimate Guide for Finding a New Hobby You Enjoy,https://www.wikihow.com/Find-a-Hobby
Electrical Wiring,9,How to Choose the Right Ceiling Fan: 4 Steps (with Pictures),How to Choose the Right Ceiling Fan,https://www.wikihow.com/Choose-the-Right-Ceiling-Fan-for-a-Room
Electrical Wiring,9,How to Build Your Own Home (US) (with Pictures),How to Build Your Own Home (US),https://www.wikihow.com/Build-Your-Own-Home-(US)
Electrical Wiring,9,How to Replace a Bathroom Fan (with Pictures),How to Replace a Bathroom Fan,https://www.wikihow.com/Replace-a-Bathroom-Fan
Electrical Wiring,9,Electric Parking Brake Problems: Common Causes & ...,How to Diagnose and Fix Problems with Your Electric Parking Brakes,https://www.wikihow.com/Electric-Parking-Brake-Problem
Electrical Wiring,9,3 Ways to Replace Halogen Downlights with Led,How to Replace Halogen Downlights with Led,https://www.wikihow.com/Replace-Halogen-Downlights-with-Led
Electrical Wiring,9,Windshield Wipers Not Working: Causes & Repairs,Windshield Wipers Not Working: Causes & Repairs,https://www.wikihow.com/Windshield-Wipers-Not-Working
Electrical Wiring,9,How to Construct a Simple 5V DC Power Supply: 5 Steps,How to Construct a Simple 5V DC Power Supply,https://www.wikihow.com/Construct-a-Simple-5V-DC-Power-Supply
Electrical Wiring,9,How to Build a Building (with Pictures),How to Build a Building,https://www.wikihow.com/Build-a-Building
Electrical Wiring,9,How to Finish an Attic: 14 Steps (with Pictures),How to Finish an Attic,https://www.wikihow.com/Finish-an-Attic
Electrical Wiring,9,How to Bypass the Lid Lock on a Whirlpool Washer: 3 Ways,How to Bypass a Magnetic Lid Switch on a Whirlpool Washer,https://www.wikihow.com/Bypass-the-Lid-Lock-on-a-Whirlpool-Washer
Electrical Wiring,9,The Best Ways to Protect Yourself in a Thunderstorm,How to Protect Yourself in a Thunderstorm,https://www.wikihow.com/Protect-Yourself-in-a-Thunderstorm
Electrical Wiring,9,3 Ways to Test Glow Plugs,How to Test Glow Plugs,https://www.wikihow.com/Test-Glow-Plugs
Electrical Wiring,9,How to Install an Outdoor Motion Sensor Light (with Pictures),How to Install an Outdoor Motion Sensor Light,https://www.wikihow.com/Install-an-Outdoor-Motion-Sensor-Light
Electrical Wiring,9,How to Replace a Light Bulb in a Ceiling Fan,How to Change the Light Bulbs in Different Types of Ceiling Fans,https://www.wikihow.com/Replace-a-Light-Bulb-in-a-Ceiling-Fan
Electrical Wiring,9,The Best Ways to Cut Drywall on a Wall,The Best Ways to Cut Drywall on a Wall,https://www.wikihow.com/Cut-Drywall-on-the-Wall
Electrical Wiring,9,How to Reset Your Whirlpool Washing Machine,How to Reset Your Whirlpool Washing Machine,https://www.wikihow.com/Reset-Whirlpool-Washer
Electrical Wiring,9,How to Build a Lamp (with Pictures),How to Build a Lamp,https://www.wikihow.com/Build-a-Lamp
Electrical Wiring,9,How to Install a Wall Safe (with Pictures),How to Install a Wall Safe,https://www.wikihow.com/Install-a-Wall-Safe
Electrical Wiring,9,How to Install Grommets: 9 Steps (with Pictures),How to Install Grommets,https://www.wikihow.com/Install-Grommets
Electrical Wiring,9,How to Replace a Lamp Switch: Simple DIY Guide,Replacing a Lamp Socket Switch or Cord Switch,https://www.wikihow.com/Replace-a-Lamp-Switch
Electrical Wiring,9,4 Ways to Install a Built In Dishwasher,How to Install a Built In Dishwasher,https://www.wikihow.com/Install-a-Built-In-Dishwasher
Electrical Wiring,9,How to Install a Garage Door Opener: Expert Tips,How to Install a Garage Door Opener,https://www.wikihow.com/Install-a-Garage-Door-Opener
Electrical Wiring,9,Martin Hennum - wikiHow Expert Co-author,Martin Hennum,https://www.wikihow.com/Author/Martin-Hennum
Electrical Wiring,9,How to Wire Truck Bed Lights,How to Wire Truck Bed Lights,https://www.wikihow.com/Wire-Truck-Bed-Lights
Electrical Wiring,9,3 Simple Ways to Connect an RV to Power,How to Connect an RV to Power,https://www.wikihow.com/Connect-an-RV-to-Power
Electrical Wiring,9,How to Build a Straw Bale House: 9 Steps (with Pictures),How to Build a Straw Bale House,https://www.wikihow.com/Build-a-Straw-Bale-House
Electrical Wiring,9,How to Make Mason Jar Lights: 14 Steps (with Pictures),How to Make Mason Jar Lights,https://www.wikihow.com/Make-Mason-Jar-Lights
Electrical Wiring,9,How to Keep Cats Safe from Electrical Shock: 7 Steps,How to Keep Cats Safe from Electrical Shock,https://www.wikihow.com/Keep-Cats-Safe-from-Electrical-Shock
Electrical Wiring,9,"How to Fix Whirlpool Washer F21: Causes, Solutions & More",What Does the F21 Error Code on a Whirlpool Washing Machine Mean?,https://www.wikihow.com/Whirlpool-Washer-F21
Electrical Wiring,9,How to Install a Samsung Dishwasher (with Pictures),How to Install a Samsung Dishwasher,https://www.wikihow.com/Install-a-Samsung-Dishwasher
Electrical Wiring,9,"What Does “Check VSC” Mean On a Lexus? Plus, How to ...",Everything You Need to Know About the “Check VSC” Light in a Lexus,https://www.wikihow.com/Check-Vsc-Lexus
Electrical Wiring,9,How to Fit a Cooker Hood (with Pictures),How to Fit a Cooker Hood,https://www.wikihow.com/Fit-a-Cooker-Hood
Electrical Wiring,9,How to Hang Wall Cabinets: 15 Steps (with Pictures),How to Hang Wall Cabinets,https://www.wikihow.com/Hang-Wall-Cabinets
Electrical Wiring,9,How to Build a Concrete Pool (with Pictures),How to Build a Concrete Pool,https://www.wikihow.com/Build-a-Concrete-Pool
Electrical Wiring,9,How to Fix a Vacuum Cleaner to Eliminate Suction Problems,How to Repair a Vacuum Yourself (Plus When to Call a Professional),https://www.wikihow.com/Fix-a-Vacuum-Cleaner
Electrical Wiring,9,3 Ways to Cover a Doorbell Chime,How to Cover a Doorbell Chime,https://www.wikihow.com/Cover-a-Doorbell-Chime
Electrical Wiring,9,How to Plan a Garage (with Pictures),How to Plan a Garage,https://www.wikihow.com/Plan-a-Garage
Electrical Wiring,9,How to Inspect a Newly Purchased Vehicle before Delivery,How to Inspect a Newly Purchased Vehicle Before Delivery,https://www.wikihow.com/Inspect-a-Newly-Purchased-Vehicle-Before-Delivery
Electrical Wiring,9,Easy Ways to Install Whip Lights (with Pictures),How to Install Whip Lights,https://www.wikihow.com/Install-Whip-Lights
Electrical Wiring,9,How to Custom Paint Your Electric Guitar (with Pictures),How to Custom Paint Your Electric Guitar,https://www.wikihow.com/Custom-Paint-Your-Electric-Guitar
Electrical Wiring,9,How to Rehab a Property in the Proper Order: 15 Steps,How to Rehab a Property in the Proper Order,https://www.wikihow.com/Rehab-a-Property-in-the-Proper-Order
Electrical Wiring,9,How to Clean a Car Interior Roof: Easy Steps & Expert Tips,How to Clean a Car Headliner,https://www.wikihow.com/Clean-a-Car-Ceiling
Electrical Wiring,9,How to Start a Car with a Bad Starter: 9 Solutions & More,Can You Start a Vehicle with a Bad Starter? Quick Fixes & Troubleshooting,https://www.wikihow.com/Start-a-Car-with-a-Bad-Starter
Electrical Wiring,9,12 Ways to Fit an Electric Shower,How to Fit an Electric Shower,https://www.wikihow.com/Fit-an-electric-shower
Electrical Wiring,9,"How to Use a Voltage Tester: Best Tools, Tips & More",How to Use Voltage Testers,https://www.wikihow.com/Use-Voltage-Testers
Electrical Wiring,9,How to Prevent a House Fire (with Pictures),How to Prevent a House Fire,https://www.wikihow.com/Prevent-a-House-Fire
Electrical Wiring,9,How to Get Rid of Termites: Subterranean and Drywood,How to Permanently Kill Termites in Your Home,https://www.wikihow.com/Get-Rid-of-Termites
Electrical Wiring,9,How to Hire a Contractor (with Pictures),How to Hire a Contractor,https://www.wikihow.com/Hire-a-Contractor
Electrical Wiring,9,How to Recycle: A Complete Guide to Recycling at Home,Recycling 101: Common Recyclables & What to Avoid,https://www.wikihow.com/Recycle
Electrical Wiring,9,3 Easy Ways to Raise a Ceiling,How to Raise a Ceiling,https://www.wikihow.com/Raise-a-Ceiling
Electrical Wiring,9,How to Become a Boat Builder: 15 Steps (with Pictures),How to Become a Boat Builder,https://www.wikihow.com/Become-a-Boat-Builder
Electrical Wiring,9,How to Write a Complaint Letter to Your Landlord,How to Write a Complaint Letter to Your Landlord,https://www.wikihow.com/Write-a-Complaint-Letter-to-Your-Landlord
Electrical Wiring,9,How to Replace a Doorbell Chime (with Pictures),How to Replace a Doorbell Chime,https://www.wikihow.com/Replace-a-Doorbell-Chime
Electrical Wiring,9,How to Design Your Own Kitchen: 7 Steps (with Pictures),How to Design Your Own Kitchen,https://www.wikihow.com/Design-Your-Own-Kitchen
Electrical Wiring,9,3 Ways to Change an EGR Valve,How to Change an EGR Valve,https://www.wikihow.com/change-an-egr-valve
Electrical Wiring,9,How to Change an Electric Fuse: 3 Steps (with Pictures),How to Change an Electric Fuse,https://www.wikihow.com/Change-an-Electric-Fuse
Electrical Wiring,9,How to Solder Silver: Easy & Beginner-Friendly Steps,The Ultimate Step-by-Step Guide to Soldering Silver,https://www.wikihow.com/Solder-Silver
Electrical Wiring,9,3 Easy Ways to Identify Asbestos Insulation,How to Identify Asbestos Insulation,https://www.wikihow.com/Identify-Asbestos-Insulation
Electrical Wiring,9,How to Build an Airplane (with Pictures),How to Build an Airplane,https://www.wikihow.com/Build-an-Airplane
Electrical Wiring,9,How to Set Up & Play Xbox Games on a PC,How to Set Up & Play Xbox Games on a PC,https://www.wikihow.com/Play-Xbox-Games-on-a-PC
Electrical Wiring,9,How to Get Ice Dams Off Your Roof: 9 Steps (with Pictures),How to Get Ice Dams Off Your Roof,https://www.wikihow.com/Get-Ice-Dams-Off-Your-Roof
Electrical Wiring,9,How to Run a Cable Under Carpet for a Neater Appearance,How to Hide Cords & Cables Under Carpet,https://www.wikihow.com/Run-a-Cable-Under-Carpet
Electrical Wiring,9,How to Install an Inwall Air Conditioner (with Pictures),How to Install an Inwall Air Conditioner,https://www.wikihow.com/Install-an-Inwall-Air-Conditioner
Electrical Wiring,9,Why Is My House So Dusty? The Top Tips for a Cleaner ...,Why Is My House So Dusty? The Top Tips for a Cleaner Home,https://www.wikihow.com/What-Causes-Dust-in-Your-House
Electrical Wiring,9,How to Fireproof a Basement: 12 Steps (with Pictures),How to Fireproof a Basement,http://www.wikihow.com/Fireproof-a-Basement?amp=1
Electrical Wiring,9,4 Ways to Fix Your Kitchen Sink,How to Fix Your Kitchen Sink,https://www.wikihow.com/Fix-Your-Kitchen-Sink
Electrical Wiring,9,3 Ways to Prepare for an Earthquake,How to Prepare for an Earthquake,https://www.wikihow.com/Prepare-for-an-Earthquake
Electrical Wiring,9,How to Tell If Your Car is Bugged: Signs You're Being ...,How to Check If Your Car is Bugged: What to Watch Out For and What to Do,https://www.wikihow.com/Tell-if-Your-Car-Is-Bugged
Electrical Wiring,9,How to Adjust Garage Door Sensors,How to Adjust Garage Door Sensors,https://www.wikihow.com/Align-Garage-Door-Sensors
Electrical Wiring,9,How to Diagnose a Slipping Clutch in Your Car: 5 Steps,How to Diagnose a Slipping Clutch in Your Car,https://www.wikihow.com/Diagnose-a-Slipping-Clutch-in-Your-Car
Electrical Wiring,9,How to Become an Interior Decorator (with Pictures),How to Become an Interior Decorator,https://www.wikihow.com/Become-an-Interior-Decorator
Electrical Wiring,9,4 Ways to Set up Cubicles in an Office,How to Set up Cubicles in an Office,https://www.wikihow.com/Set-up-Cubicles-in-an-Office
Electrical Wiring,9,How to Install a Sump Pump Check Valve,How to Install a Sump Pump Check Valve,https://www.wikihow.com/Install-a-Sump-Pump-Check-Valve
Electrical Wiring,9,How to Install Under Cabinet Lighting (with Pictures),How to Install Under Cabinet Lighting,https://www.wikihow.com/Install-Under-Cabinet-Lighting
Electrical Wiring,9,How to Replace a Headlight Adjustment Screw,How to Replace a Headlight Adjustment Screw,https://www.wikihow.com/Replace-a-Headlight-Adjustment-Screw
Electrical Wiring,9,How to Buy a Whirlpool Tub: 15 Steps (with Pictures),How to Buy a Whirlpool Tub,https://www.wikihow.com/Buy-a-Whirlpool-Tub
Electrical Wiring,9,3 Ways to Insulate an Attic,How to Insulate an Attic,https://www.wikihow.com/Insulate-an-Attic
Electrical Wiring,9,How to Ready Your Vehicle for a Hurricane - Cars,How to Ready Your Vehicle for a Hurricane,https://www.wikihow.com/Ready-Your-Vehicle-for-a-Hurricane
Electrical Wiring,9,How to Clean a Foreman Grill: 11 Steps (with Pictures),How to Clean a Foreman Grill,https://www.wikihow.com/Clean-a-Foreman-Grill
Electrical Wiring,9,How to Safely Remove a Light Fixture,How to Safely Remove a Light Fixture,https://www.wikihow.com/Remove-a-Light-Fixture
Electrical Wiring,9,How to Frame a Pocket Door: 11 Steps (with Pictures),How to Frame a Pocket Door,https://www.wikihow.com/Frame-a-Pocket-Door
Electrical Wiring,9,Cheapest Ways to Turn a Garage into a Room,Cheapest Ways to Turn a Garage into a Room,https://www.wikihow.com/Turn-a-Garage-Into-a-Room-Cheap
Electrical Wiring,9,How to Build Shelves (with Pictures),How to Build Shelves,https://www.wikihow.com/Build-Shelves
Electrical Wiring,9,How to Become a Home Inspector: 12 Steps (with Pictures),How to Become a Home Inspector,https://www.wikihow.com/Become-a-Home-Inspector
Electrical Wiring,9,How to Prevent Toaster Fires: 10 Steps (with Pictures),How to Prevent Toaster Fires,https://www.wikihow.com/Prevent-Toaster-Fires
Electrical Wiring,9,How to Report Slumlords: 14 Steps (with Pictures),How to Report Slumlords,https://www.wikihow.com/Report-Slumlords
Electrical Wiring,9,How to Buy a Home for Sale by Owner,How to Buy a Home for Sale by Owner,https://www.wikihow.com/Buy-a-Home-for-Sale-by-Owner
Electrical Wiring,9,Como Substituir um Soquete de Lâmpada: 13 Passos,Como Substituir um Soquete de Lâmpada,https://pt.wikihow.com/Substituir-um-Soquete-de-L%C3%A2mpada
Electrical Wiring,9,Cómo reemplazar un interruptor de luz,Cómo reemplazar un interruptor de luz,https://es.wikihow.com/reemplazar-un-interruptor-de-luz
Electrical Wiring,9,Cómo ocultar altavoces de piso: 10 Pasos (con imágenes),Cómo ocultar altavoces de piso,https://es.wikihow.com/ocultar-altavoces-de-piso
Electrical Wiring,9,Cómo revisar el termostato en una secadora,Cómo revisar el termostato en una secadora,https://es.wikihow.com/revisar-el-termostato-en-una-secadora
Electrical Wiring,9,How to Crimp a Wire: A Step-by-Step Guide,How to Crimp Wires Safely and Effectively: A Beginner's Guide,https://www.wikihow.com/Crimp-a-Wire
Electrical Wiring,9,How to Splice Wire: Stripping the Wire & 3 Splicing Methods,"How to Strip and Splice Wire: Wire Cap, Butt Splice, and Soldering",https://www.wikihow.com/Splice-Wire
Electrical Wiring,9,How to Wire a Variable or Fixed Speed DC Motor Circuit,How to Wire a Variable or Fixed Speed DC Motor Circuit,https://www.wikihow.com/Wire-a-Variable-or-Fixed-Speed-DC-Motor-Circuit
Electrical Wiring,9,How to Wire a Contactor: 8 Steps (with Pictures),How to Wire a Contactor,https://www.wikihow.com/Wire-a-Contactor
Electrical Wiring,9,Electrical and Electronic Circuits - how to articles from ...,Electrical and Electronic Circuits,https://www.wikihow.com/Category:Electrical-and-Electronic-Circuits
Electrical Wiring,9,3 Ways to Make a Circuit,How to Make a Circuit,https://www.wikihow.com/Make-a-Circuit
Electrical Wiring,9,How to Cut Wire: 14 Steps (with Pictures),How to Cut Wire,https://www.wikihow.com/Cut-Wire
Electrical Wiring,9,How to Install Cabling in a Pre Built Home (with Pictures),How to Install Cabling in a Pre Built Home,https://www.wikihow.com/Install-Cabling-in-a-Pre-Built-Home
Electrical Wiring,9,How to Wire a Ceiling Light and Install a New Fixture,How to Install a New Ceiling Light Fixture,https://www.wikihow.com/Wire-a-Ceiling-Light
Electrical Wiring,9,How to Learn Electronics: Expert-Backed Tips & Tricks,Electronics 101: Learn Electronics as a Beginner & Expand Your Knowledge,https://www.wikihow.com/Learn-Electronics
Electrical Wiring,9,3 Ways to Identify Aluminum Wiring,How to Identify Aluminum Wiring,https://www.wikihow.com/Identify-Aluminum-Wiring
Electrical Wiring,9,How to Add a Breaker Switch (with Pictures),How to Add a Breaker Switch,https://www.wikihow.com/Add-a-Breaker-Switch
Electrical Wiring,9,How to Connect a Portable Generator to Your House,"How to Hook up a Generator to Your House: Installation, Safety, & More",https://www.wikihow.com/Connect-a-Portable-Generator-to-a-House
Electrical Wiring,9,How to Put out an Electrical Fire,How to Extinguish Electrical Fires,https://www.wikihow.com/Put-Out-Electrical-Fires
Electrical Wiring,9,How to Build an Inexpensive Electric Bicycle: 12 Steps,How to Build an Inexpensive Electric Bicycle,https://www.wikihow.com/Build-an-Inexpensive-Electric-Bicycle
Electrical Wiring,9,How to Test Continuity with a Multimeter,How to Test Continuity with a Multimeter,https://www.wikihow.com/Test-Continuity-with-a-Multimeter
Electrical Wiring,9,How to Wire a Car Stereo: Removal & Installation Process,How to Wire a Car Stereo,https://www.wikihow.com/Wire-a-Car-Stereo
Electrical Wiring,9,How to Measure Amperage: 12 Steps (with Pictures),How to Measure Amperage,https://www.wikihow.com/Measure-Amperage
Electrical Wiring,9,How to Make a Printer Wireless with a Wireless Router,Simple Ways to Make a Printer Wireless with a Wireless Router,https://www.wikihow.com/Make-a-Printer-Wireless-With-a-Wireless-Router
Electrical Wiring,9,How to Get Your House Rewired for Free: US & UK Options,Rewiring Your House for Free: Grant & Loan Opportunities,https://www.wikihow.com/Get-Your-House-Rewired-for-Free
Electrical Wiring,9,"How to Check a Power Supply: PSU Tester, Paperclip, & ...",How to Test the Power Supply Unit (PSU) in Your PC,https://www.wikihow.com/Check-a-Power-Supply
Electrical Wiring,9,3 Ways to Install a Security Camera System for a House,How to Install a Security Camera System for a House,https://www.wikihow.com/Install-a-Security-Camera-System-for-a-House
Electrical Wiring,9,How to Build a High Powered Laser: 12 Steps (with Pictures),How to Build a High Powered Laser,https://www.wikihow.com/Build-a-High-Powered-Laser
Electrical Wiring,9,Microwave Sparking? Common Causes & How to Fix Them,How to Fix a Sparking Microwave,https://www.wikihow.com/Microwave-Sparking
Electrical Wiring,9,How to Keep Cats From Chewing on Electric Cords: 13 Tips,The Easiest Ways to Prevent Your Cat from Chewing on Wires,https://www.wikihow.com/Keep-Cats-from-Chewing-on-Electric-Cords-and-Chargers
Electrical Wiring,9,"How to Wire, Power, and Tap LED Light Strips","How to Wire, Power, and Tap LED Light Strips",https://www.wikihow.com/Wire-Led-Lights
Electrical Wiring,9,Electrical Projects - how to articles from wikiHow,Electrical Projects,https://www.wikihow.com/Category:Electrical-Projects
Electrical Wiring,9,3 Ways to Test Spark Plug Wires,How to Test Spark Plug Wires,https://www.wikihow.com/Test-Spark-Plug-Wires
Electrical Wiring,9,How to Wire Relays in Your Automotive,How to Wire Relays in Your Automotive,https://www.wikihow.com/Wire-a-Relay
Electrical Wiring,9,Video: How to Wire a 220V Outlet,How to Wire a 220V Outlet: A Step-by-Step Guide,https://www.wikihow.com/Video/Wire-a-220V-Outlet
Electrical Wiring,9,How to Replace a Light Switch: 3 Types of Switches,"How to Replace Single-Pole, 3-Way, and Dimmer Light Switches",https://www.wikihow.com/Replace-a-Light-Switch
Electrical Wiring,9,How to Install a Flat Panel TV on a Wall With No Wires ...,How to Install a Flat Panel TV on a Wall With No Wires Showing,https://www.wikihow.com/Install-a-Flat-Panel-TV-on-a-Wall-With-No-Wires-Showing
Electrical Wiring,9,"How to Remove a ""Knock Out"" from an Electrical Box","How to Remove a ""Knock Out"" from an Electrical Box",https://www.wikihow.com/Remove-a-%22Knock-Out%22-from-an-Electrical-Box
Electrical Wiring,9,How to Find Resistance of a Wire Using Ohm's Law,How to Find Resistance of a Wire Using Ohm's Law,https://www.wikihow.com/Find-Resistance-of-a-Wire-Using-Ohm%27s-Law
Electrical Wiring,9,How to Install an Ethernet Jack in a Wall: 14 Steps,How to Install an Ethernet Jack in a Wall,https://www.wikihow.com/Install-an-Ethernet-Jack-in-a-Wall
Electrical Wiring,9,Easily and Safely Repair and Electric Cord or a Plug,How to Repair an Electric Cord,https://www.wikihow.com/Repair-an-Electric-Cord
Electrical Wiring,9,How to Install a Modem: 11 Steps (with Pictures),How to Install a Modem,https://www.wikihow.com/Install-a-Modem
Electrical Wiring,9,3 Ways to Calculate Power Output,How to Calculate Power Output,https://www.wikihow.com/Calculate-Power-Output
Electrical Wiring,9,How to Make an Electronics Project: 10 Steps (with Pictures),How to Make an Electronics Project,https://www.wikihow.com/Make-an-Electronics-Project
Electrical Wiring,9,How to Install a Stove With 220 Line (with Pictures),How to Install a Stove With 220 Line,https://www.wikihow.com/Install-a-Stove-With-220-Line
Electrical Wiring,9,How to Sleeve Computer Cables (with Pictures),How to Sleeve Computer Cables,https://www.wikihow.com/Sleeve-Computer-Cables
Electrical Wiring,9,5 Ways to Diagnose Refrigerator Problems,How to Diagnose Refrigerator Problems,https://www.wikihow.com/Diagnose-Refrigerator-Problems
Electrical Wiring,9,How to Fix Loose Outlets and Plugs,How to Fix Loose Outlets and Plugs,https://www.wikihow.com/Fix-Loose-Outlets
Electrical Wiring,9,How to Be Safe: 30 Expert Tips,How to Be Safe,https://www.wikihow.com/Be-Safe
Electrical Wiring,9,11 Easy Ways to Light a Stairway without an Electrical Outlet,11 Easy Ways to Light a Stairway without an Electrical Outlet,https://www.wikihow.com/Light-a-Stairway-Without-an-Electrical-Outlet
Electrical Wiring,9,How to Install an Electric Fence: A Step-by-Step Guide,How to Set Up an Electric Fence: A Simple Tutorial,https://www.wikihow.com/Install-an-Electric-Fence
Electrical Wiring,9,How to Jumpstart a Vehicle (with Pictures),How to Jumpstart a Vehicle,https://www.wikihow.com/Jumpstart-a-Vehicle
Electrical Wiring,9,Electrical Safety - how to articles from wikiHow,Electrical Safety,https://www.wikihow.com/Category:Electrical-Safety
Electrical Wiring,9,How to Diagnose & Fix a Dishwasher Not Getting Water,How to Diagnose & Fix a Dishwasher Not Getting Water,https://www.wikihow.com/Dishwasher-Not-Getting-Water
Electrical Wiring,9,How to Make and Install a Motion Sensor Light,How to Make a Motion Sensor Light,https://www.wikihow.com/Make-a-Motion-Sensor-Light
Electrical Wiring,9,How to Hide Speaker Wires: 4 Steps (with Pictures),How to Hide Speaker Wires,https://www.wikihow.com/Hide-Speaker-Wires
Electrical Wiring,9,How to Choose an Amplifier for Speakers: Car and Home,How to Choose the Right Amplifier for Speakers,https://www.wikihow.com/Choose-an-Amplifier
Electrical Wiring,9,How to Replace a Power Cord Plug: 12 Steps (with Pictures),How to Replace a Power Cord Plug,https://www.wikihow.com/Replace-a-Power-Cord-Plug
Electrical Wiring,9,How to Install an Outdoor Light Fixture (with Pictures),How to Install an Outdoor Light Fixture,https://www.wikihow.com/Install-an-Outdoor-Light-Fixture
Electrical Wiring,9,How to Make a TV Antenna with a Coat Hanger: 2 Easy Ways,Simple Ways to Make a TV Antenna with a Wire Hanger,https://www.wikihow.com/Make-a-TV-Antenna-with-a-Coat-Hanger
Electrical Wiring,9,Simple Ways to Extend a Cable Cord: 9 Steps (with Pictures),How to Extend a Cable Cord,https://www.wikihow.com/Extend-a-Cable-Cord
Electrical Wiring,9,How to Create a 12 Volt DC Test Bench for Bullet Cameras ...,How to Create a 12 Volt DC Test Bench for Bullet Cameras Using an Old ATX Computer Power Supply,https://www.wikihow.com/Create-a-12-Volt-DC-Test-Bench-for-Bullet-Cameras-Using-an-Old-ATX-Computer-Power-Supply
Electrical Wiring,9,How to Make an Electric Match: 11 Steps (with Pictures),How to Make an Electric Match,https://m.wikihow.com/Make-an-Electric-Match?open_ccpa=1
Electrical Wiring,9,How to Make a Crossover Cable from One Standard ...,How to Make a Crossover Cable from One Standard Ethernet Cable,https://www.wikihow.com/Make-a-Crossover-Cable-from-One-Standard-Ethernet-Cable
Electrical Wiring,9,How to Build a Solar Lantern (with Pictures),How to Build a Solar Lantern,https://www.wikihow.com/Build-a-Solar-Lantern
Electrical Wiring,9,How to Install Neon Lights: 15 Steps (with Pictures),How to Install Neon Lights,https://www.wikihow.com/Install-Neon-Lights
Electrical Wiring,9,How to Wire a Thermostat: 10 Steps (with Pictures),How to Wire a Thermostat,https://www.wikihow.com/Wire-a-Thermostat
Electrical Wiring,9,4 Ways to Disable a Fire Alarm,How to Disable a Fire Alarm,https://www.wikihow.com/Disable-a-Fire-Alarm
Electrical Wiring,9,GE Microwave Not Heating Food? Troubleshooting & Fixes,Why Your GE Microwave Will Not Heat (and How to Fix It),https://www.wikihow.com/Ge-Microwave-Not-Heating
Electrical Wiring,9,3 Ways to Fix Vape Pen Wires,How to Fix Vape Pen Wires,https://www.wikihow.com/Fix-Vape-Pen-Wires
Electrical Wiring,9,How to Prevent Computer Failure: 11 Steps (with Pictures),How to Prevent Computer Failure,https://www.wikihow.com/Prevent-Computer-Failure
Electrical Wiring,9,How to Repair an Electric Water Heater,How to Repair an Electric Water Heater,https://www.wikihow.com/Repair-an-Electric-Water-Heater
Electrical Wiring,9,How to Install an Alarm System on a Motorcycle: 12 Steps,How to Install an Alarm System on a Motorcycle,https://www.wikihow.com/Install-an-Alarm-System-on-a-Motorcycle
Electrical Wiring,9,How to Hide an Electrical Cord: 9 Steps (with Pictures),How to Hide an Electrical Cord,https://www.wikihow.com/Hide-an-Electrical-Cord
Electrical Wiring,9,How to Fit a Ring Floodlight Cam: 14 Steps (with Pictures),How to Fit a Ring Floodlight Cam,https://m.wikihow.com/Fit-a-Ring-Floodlight-Cam?amp=1
Electrical Wiring,9,How to Install Satellite Coax Cable in a Home: Best Method,How to Install Satellite Coax Cable in a Home,https://www.wikihow.com/Install-Satellite-Coax-Cable-in-a-Home
Electrical Wiring,9,Easy Ways to Buy Wind Energy: 11 Steps (with Pictures),How to Buy Wind Energy,https://www.wikihow.com/Buy-Wind-Energy
Electrical Wiring,9,3 Ways to Protect Your Home During an Earthquake,How to Protect Your Home During an Earthquake,https://www.wikihow.com/Protect-Your-Home-During-an-Earthquake
Electrical Wiring,9,3 Ways to Illuminate House Numbers,How to Illuminate House Numbers,https://www.wikihow.com/Illuminate-House-Numbers
Electrical Wiring,9,3 Ways to Install a Switch to Control the Top Half of an Outlet,How to Install a Switch to Control the Top Half of an Outlet,https://www.wikihow.com/Install-a-Switch-to-Control-the-Top-Half-of-an-Outlet
Electrical Wiring,9,How to Use Programmable LED Strip Lights for Christmas ...,How to Use Programmable LED Strip Lights for Christmas Holiday Lighting (with Arduino Uno),https://www.wikihow.com/Use-Programmable-LED-Strip-Lights-for-Christmas-Holiday-Lighting-(with-Arduino-Uno)
Electrical Wiring,9,How to Make a Solar Charging Phone Case,How to Make a Solar Charging Phone Case,https://www.wikihow.com/Make-a-Solar-Charging-Phone-Case?amp=1
Electrical Wiring,9,How to Tell if Your Home Has Code Violations: 11 Steps,How to Tell if Your Home Has Code Violations,https://www.wikihow.com/Tell-if-Your-Home-Has-Code-Violations
Electrical Wiring,9,How to Refurbish a Computer: 13 Steps (with Pictures),How to Refurbish a Computer,https://www.wikihow.com/Refurbish-a-Computer
Electrical Wiring,9,How to Replace an IDE Dvd Drive With an SATA ...,How to Replace an IDE Dvd Drive With an SATA Dvd Drive,https://www.wikihow.com/Replace-an-IDE-Dvd-Drive-With-an-SATA-Dvd-Drive
Electrical Wiring,9,How to Change an RV Water Heater Element,How to Change an RV Water Heater Element,https://www.wikihow.com/Change-an-RV-Water-Heater-Element
Electrical Wiring,9,How to Repair Your Halogen Lamp (with Pictures),How to Repair Your Halogen Lamp,https://www.wikihow.com/Repair-Your-Halogen-Lamp
Electrical Wiring,9,3 Ways to Maintain a Generator,How to Maintain a Generator,https://www.wikihow.com/Maintain-a-Generator
Electrical Wiring,9,4 Ways to Upgrade Headlights,How to Upgrade Headlights,https://www.wikihow.com/Upgrade-Headlights
Electrical Wiring,9,How to Change the String on a Lawn Trimmer: 8 Easy Steps,How to Replace Your Weed Eater String,https://www.wikihow.com/Change-the-String-on-a-Lawn-Trimmer
Electrical Wiring,9,3 Ways to Prevent a Car Fire,How to Prevent a Car Fire,https://www.wikihow.com/Prevent-a-Car-Fire
Electrical Wiring,9,How to Install a Car Alarm in a Truck: 10 Steps (with Pictures),How to Install a Car Alarm in a Truck,https://www.wikihow.com/Install-a-Car-Alarm-in-a-Truck
Electrical Wiring,9,How to Choose Solar Panels: Buying Guide & Best Options,How to Pick the Best Solar Panels + Everything You Should Look For,https://www.wikihow.com/Choose-Solar-Panels
Electrical Wiring,9,4 Ways to Become an Electrician in Oklahoma,How to Become an Electrician in Oklahoma,https://www.wikihow.com/Become-an-Electrician-in-Oklahoma
Electrical Wiring,9,How to Install Dish Network Satellite TV Indoors: Best Way,How to Install Dish Network Satellite TV Indoors,https://www.wikihow.com/Install-Dish-Network-Satellite-TV-Indoors
Electrical Wiring,9,3 Ways to Hide Cables,How to Hide Cables,https://m.wikihow.com/Hide-Cables?amp=1
Electrical Wiring,9,How to Prevent a Charger from Fraying,How to Prevent a Charger from Fraying,https://www.wikihow.com/Prevent-a-Charger-from-Fraying
Electrical Wiring,9,How to Install A Car Radio Head Unit,How to Install A Car Radio Head Unit,https://www.wikihow.com/Install-A-Car-Radio-Head-Unit
Electrical Wiring,9,How to Plan a Bathroom Renovation (with Pictures),How to Plan a Bathroom Renovation,https://www.wikihow.com/Plan-a-Bathroom-Renovation
Electrical Wiring,9,How to Wrap a MacBook Charger Without Damaging It,How to Wrap a MacBook Charger Without Damaging It,https://www.wikihow.com/Wrap-a-Macbook-Charger
Electrical Wiring,9,How to Become a Young Inventor (with Pictures),How to Become a Young Inventor,https://www.wikihow.com/Become-a-Young-Inventor
Electrical Wiring,9,3 Ways to Choose a Travel Adapter,How to Choose a Travel Adapter,https://m.wikihow.com/Choose-a-Travel-Adapter?open_ccpa=1
Electrical Wiring,9,How to Replace the LED Driver in a Dimplex Optiflame ...,How to Replace the LED Driver in a Dimplex Optiflame CHT20LE Electric Fire,https://www.wikihow.com/Replace-the-LED-Driver-in-a-Dimplex-Optiflame-CHT20LE-Electric-Fire
Electrical Wiring,9,How to Test a Lawn Mower Starter: 12 Steps (with Pictures),How to Test a Lawn Mower Starter,https://www.wikihow.com/Test-a-Lawn-Mower-Starter
Electrical Wiring,9,How to Install and Set Up Free to Air Satellite TV Program ...,How to Install and Set Up Free to Air Satellite TV Program Receiver System,https://www.wikihow.com/Install-and-Set-Up-Free-to-Air-Satellite-TV-Program-Receiver-System
Electrical Wiring,9,How to Choose a Dehumidifier for Your Home: 12 Steps,How to Choose a Dehumidifier for Your Home,https://www.wikihow.com/Choose-a-Dehumidifier-for-Your-Home
Electrical Wiring,9,4 Ways to String Christmas Tree Lights,How to String Christmas Tree Lights,https://www.wikihow.com/String-Christmas-Tree-Lights
Electrical Wiring,9,4 Easy Ways to Fix Your Oven,How to Fix Your Oven,https://www.wikihow.com/Fix-Your-Oven
Electrical Wiring,9,How to Replace a Lawn Sprinkler Timer,How to Replace a Lawn Sprinkler Timer,https://www.wikihow.com/Replace-a-Lawn-Sprinkler-Timer
Electrical Wiring,9,3 Ways to Choose a Generator,How to Choose a Generator,https://www.wikihow.com/Choose-a-Generator
Electrical Wiring,9,How to Build a Simple Wireless Circuit,How to Build a Simple Wireless Circuit,https://www.wikihow.com/Build-a-Simple-Wireless-Circuit
Electrical Wiring,9,How to Replace a Swimming Pool Pump Seal,How to Replace a Swimming Pool Pump Seal,https://m.wikihow.com/Replace-a-Swimming-Pool-Pump-Seal
Electrical Wiring,9,3 Simple Ways to Adjust the Flippers on a Pinball Machine,How to Adjust the Flippers on a Pinball Machine,https://www.wikihow.com/Adjust-the-Flippers-on-a-Pinball-Machine
Electrical Wiring,9,3 Ways to Record a Song With Audacity,How to Record a Song With Audacity,https://www.wikihow.com/Record-a-Song-With-Audacity
Electrical Wiring,9,How to Install a Whirlpool Tub (with Pictures),How to Install a Whirlpool Tub,https://www.wikihow.com/Install-a-Whirlpool-Tub
Electrical Wiring,9,How to Repair a Poured Concrete Wall,How to Repair a Poured Concrete Wall,https://www.wikihow.com/Repair-a-Poured-Concrete-Wall
Electrical Wiring,9,How to Hang a Nelson Bubble Lamp,How to Hang a Nelson Bubble Lamp,https://www.wikihow.com/Hang-a-Nelson-Bubble-Lamp
Electrical Wiring,9,7 Ways to Maintain an Air Conditioner,How to Maintain an Air Conditioner,https://www.wikihow.com/Maintain-an-Air-Conditioner
Electrical Wiring,9,5 Ways to Build a Storage Shed,How to Build a Storage Shed,https://www.wikihow.com/Build-a-Storage-Shed
Electrical Wiring,9,How to Light a Painting: 15 Steps (with Pictures),How to Light a Painting,https://www.wikihow.com/Light-a-Painting?amp=1
Electrical Wiring,9,How to Make an Electromagnetic Pulse (with Pictures),How to Make an Electromagnetic Pulse,https://www.wikihow.com/Make-an-Electromagnetic-Pulse
Electrical Wiring,9,4 Ways to Finish Your Basement,How to Finish Your Basement,https://www.wikihow.com/Finish-Your-Basement?open_ccpa=1
Electrical Wiring,9,How to Avoid False Alarms With Your Smoke Alarm,How to Avoid False Alarms With Your Smoke Alarm,https://www.wikihow.com/Avoid-False-Alarms-With-Your-Smoke-Alarm
Gardening,5,Gardening - how to articles from wikiHow,Gardening,https://www.wikihow.com/Category:Gardening
Gardening,5,How to Prepare and Plant a Garden,How to Prepare and Plant a Garden,https://www.wikihow.com/Garden
Gardening,5,Home and Garden - how to articles from wikiHow,Home and Garden,https://www.wikihow.com/Category:Home-and-Garden
Gardening,5,Garden Projects - how to articles from wikiHow,Garden Projects,https://www.wikihow.com/Category:Garden-Projects
Gardening,5,How to Start a Garden: 12 Expert Steps for Beginners,How to Start a Garden: 12 Expert Steps for Beginners,https://www.wikihow.com/Start-a-Garden
Gardening,5,Planting and Growing - how to articles from wikiHow,Planting and Growing,https://www.wikihow.com/Category:Planting-and-Growing
Gardening,5,Growing Vegetables - how to articles from wikiHow,Growing Vegetables,https://www.wikihow.com/Category:Growing-Vegetables
Gardening,5,Community Gardening and Urban Agriculture,Community Gardening and Urban Agriculture,https://www.wikihow.com/Category:Community-Gardening-and-Urban-Agriculture
Gardening,5,How to Plant a Garden: A Beginner's Guide,A Step-by-Step Guide to Planting a Garden,https://www.wikihow.com/Plant-a-Garden
Gardening,5,How to Take Care of Plants: Easy Tips & Mistakes to Avoid,How to Care for Houseplants & Outdoor Plants,https://www.wikihow.com/Take-Care-of-Plants
Gardening,5,Garden Crafts - how to articles from wikiHow,Garden Crafts,https://www.wikihow.com/Category:Garden-Crafts
Gardening,5,Garden Pests and Weeds - how to articles from wikiHow,Garden Pests and Weeds,https://www.wikihow.com/Category:Garden-Pests-and-Weeds
Gardening,5,How to Develop a Kitchen Garden: 7 Steps (with Pictures),How to Develop a Kitchen Garden,https://www.wikihow.com/Develop-a-Kitchen-Garden
Gardening,5,Small Garden Ideas - how to articles from wikiHow,Small Garden Ideas,https://www.wikihow.com/Category:Small-Garden-Ideas
Gardening,5,Gardening Tools - how to articles from wikiHow,Gardening Tools,https://www.wikihow.com/Category:Gardening-Tools
Gardening,5,Growing Herbs and Spices - how to articles from wikiHow,Growing Herbs and Spices,https://www.wikihow.com/Category:Growing-Herbs-and-Spices
Gardening,5,How to Start an Organic Vegetable Garden (with Pictures),How to Start an Organic Vegetable Garden,https://www.wikihow.com/Start-an-Organic-Vegetable-Garden
Gardening,5,How to Design a Small Garden (with Pictures),How to Design a Small Garden,https://www.wikihow.com/Design-a-Small-Garden
Gardening,5,Growing Flowers - how to articles from wikiHow,Growing Flowers,https://www.wikihow.com/Category:Growing-Flowers
Gardening,5,Quick Home and Garden How-to Videos,Quick How-To Videos,https://www.wikihow.com/Video/Category:Home-and-Garden
Gardening,5,Growing Trees and Shrubs - how to articles from wikiHow,Growing Trees and Shrubs,https://www.wikihow.com/Category:Growing-Trees-and-Shrubs
Gardening,5,Indoor and Patio Plants - how to articles from wikiHow,Indoor and Patio Plants,https://www.wikihow.com/Category:Indoor-and-Patio-Plants
Gardening,5,How to Start a Community Garden (with Pictures),How to Start a Community Garden,https://www.wikihow.com/Start-a-Community-Garden
Gardening,5,4 Simple Ways to Protect Plants,How to Protect Plants,https://www.wikihow.com/Protect-Plants
Gardening,5,5 Ways to Design a Garden,How to Design a Garden,https://www.wikihow.com/Design-a-Garden
Gardening,5,How to Grow Vegetables (with Pictures) - Gardening,How to Grow Vegetables,https://www.wikihow.com/Grow-Vegetables
Gardening,5,Categories,Top Categories,https://www.wikihow.com/Special:CategoryListing
Gardening,5,How to Make a Compost Pit: A Guide for Backyard Gardening,How to Build a Compost Pit for Your Garden or Yard,https://www.wikihow.com/Make-a-Compost-Pit
Gardening,5,How to Care for Indoor Plants: 15 Steps (with Pictures),How to Care for Indoor Plants,https://www.wikihow.com/Care-for-Indoor-Plants
Gardening,5,How to Take Care of a Tree: 13 Steps (with Pictures),How to Take Care of a Tree,https://www.wikihow.com/Take-Care-of-a-Tree
Gardening,5,How to Grow Vegetables in Small Gardens (with Pictures),How to Grow Vegetables in Small Gardens,https://www.wikihow.com/Grow-Vegetables-in-Small-Gardens
Gardening,5,Growing Tomatoes - how to articles from wikiHow,Growing Tomatoes,https://www.wikihow.com/Category:Growing-Tomatoes
Gardening,5,How to Prepare a Garden Plot: 13 Steps (with Pictures),How to Prepare a Garden Plot,https://www.wikihow.com/Prepare-a-Garden-Plot
Gardening,5,3 Ways to Study Horticulture at Home,How to Study Horticulture at Home,https://www.wikihow.com/Study-Horticulture-at-Home
Gardening,5,How to Design a Successful Indoor Garden,How to Design a Successful Indoor Garden,https://www.wikihow.com/Design-a-Successful-Indoor-Garden
Gardening,5,Cleaning Up Garden - how to articles from wikiHow,Cleaning Up Garden,https://www.wikihow.com/Category:Cleaning-Up-Garden
Gardening,5,How to Prevent Soil Erosion: 15 Steps (with Pictures),How to Prevent Soil Erosion,https://www.wikihow.com/Prevent-Soil-Erosion
Gardening,5,Growing Beans - how to articles from wikiHow,Growing Beans,https://www.wikihow.com/Category:Growing-Beans
Gardening,5,Articles about Home and Garden Care Businesses,Home and Garden Care Businesses,https://www.wikihow.com/Category:Home-and-Garden-Care-Businesses
Gardening,5,Creepy Numbers to Call: 10+ Scary & Haunted Phone #s,10+ Scary Phone Numbers to Call,https://www.wikihow.com/Creepy-Numbers-to-Call
Gardening,5,Garden Sprays - how to articles from wikiHow,Garden Sprays,https://www.wikihow.com/Category:Garden-Sprays
Gardening,5,How to Start a Plant Nursery Business: Expert Tips,How to Start a Plant Business,https://www.wikihow.com/Start-a-Plant-Nursery-Business
Gardening,5,5 Ways to Improve Your Gardening Skills,Become the Plant Parent You Know You Can Be in Just 5 Days,https://www.wikihow.com/Course/Improve-Your-Gardening-Skills
Gardening,5,Outdoor Water Features - how to articles from wikiHow,Outdoor Water Features,https://www.wikihow.com/Category:Outdoor-Water-Features
Gardening,5,Home and Garden News - how to articles from wikiHow,Home and Garden News,https://www.wikihow.com/Category:Home-and-Garden-News
Gardening,5,4 Ways to Start a Gardening Club,How to Start a Gardening Club,https://www.wikihow.com/Start-a-Gardening-Club
Gardening,5,What Do the Jujutsu Kaisen Domain Expansion Hand ...,What Every Domain Expansion Hand Sign Means In Jujutsu Kaisen,https://www.wikihow.com/Domain-Expansion-Hand-Sign
Gardening,5,"""Grow a Garden"" Pets Tier List Creator","""Grow a Garden"" Pets Tier List Creator",https://www.wikihow.com/Grow-a-Garden-Pet-Tier-List
Gardening,5,What Is My Color Aura Quiz,What Is My Color Aura?,https://www.wikihow.com/What-Is-My-Color-Aura-Quiz
Gardening,5,160+ Fun and Unique Tapple Topics for Kids & Adults,160+ Fun and Unique Tapple Topics for Kids & Adults,https://www.wikihow.com/Tapple-Categories
Gardening,5,What Emojis Mean Sex? A Thorough Guide to Dirty Emojis,What Emojis Mean Sex?,https://www.wikihow.com/What-Emojis-Mean-Sex
Gardening,5,Percy Jackson Cabin Quiz,Which Camp Half-Blood Cabin Am I In?,https://www.wikihow.com/Percy-Jackson-Cabin-Quiz
Gardening,5,Mental Age Test,What Is My Mental Age?,https://www.wikihow.com/Mental-Age-Test
Gardening,5,Meteorology - how to articles from wikiHow,Meteorology,https://www.wikihow.com/Category:Meteorology
Gardening,5,Salads - how to articles from wikiHow,Salads,https://www.wikihow.com/Category:Salads
Gardening,5,"110+ ""Jumma Mubarak"" Wishes, Duas, Quotes & Messages",The Best “Jumma Mubarak” Wishes: 110+ Message Ideas,https://www.wikihow.com/Jumma-Mubarak-Wishes
Gardening,5,New Pages,New Pages,https://www.wikihow.com/Special:NewPages
Gardening,5,110 Happy Friday Wishes for Everyone in Your Life,110 Happy Friday Wishes for Everyone in Your Life,https://www.wikihow.com/Friday-Greetings
Gardening,5,What Animal Am I Quiz,What Animal Am I?,https://www.wikihow.com/What-Animal-Am-I
Gardening,5,100+ Flirty Compliments for a Girl (Without Sounding Creepy),100+ Flirty Things to Say to a Girl & Boost Her Self-Esteem,https://www.wikihow.com/Flirty-Compliments-for-a-Girl
Gardening,5,Fun & Spicy Truth or Dare Questions to Ask Your Girlfriend,Fun & Spicy Truth or Dare Questions to Ask Your Girlfriend,https://www.wikihow.com/Truth-or-Dare-Questions-for-Girlfriend
Gardening,5,300 Popular & Funny Group Chat Names for 3 People,300 Popular & Funny Group Chat Names for 3 People,https://www.wikihow.com/Group-Chat-Names-for-3
Gardening,5,Zen - how to articles from wikiHow,Zen,https://www.wikihow.com/Category:Zen
Gardening,5,How to Form a Study Group (with Pictures),How to Form a Study Group,https://www.wikihow.com/Form-a-Study-Group
Gardening,5,Success - how to articles from wikiHow,Success,https://www.wikihow.com/Category:Success
Gardening,5,How to Take a Screenshot on a Windows PC: 8 Simple Tricks,How to Take a Screenshot on a Windows PC: 8 Simple Tricks,https://www.wikihow.com/Take-a-Screenshot-in-Microsoft-Windows
Gardening,5,How to Disable Google Safe Search on Mobile and Desktop,How to Disable Google Safe Search on Mobile and Desktop,https://www.wikihow.com/Turn-Off-Google-Safesearch
Gardening,5,Business - how to articles from wikiHow,Business,https://www.wikihow.com/Category:Business
Gardening,5,How to Do a Presentation in Class: 10 Steps (with Pictures),How to Do a Presentation in Class,https://www.wikihow.com/Do-a-Presentation-in-Class
Gardening,5,Reading Motivation Strategies - how to articles from wikiHow,Reading Motivation Strategies,https://www.wikihow.com/Category:Reading-Motivation-Strategies
Gardening,5,Feedback - how to articles from wikiHow,Feedback,https://www.wikihow.com/Category:Feedback
Gardening,5,YouTube Videos - how to articles from wikiHow,YouTube Videos,https://www.wikihow.com/Category:YouTube-Videos
Gardening,5,TV Fandom - how to articles from wikiHow,TV Fandom,https://www.wikihow.com/Category:TV-Fandom
Gardening,5,Interview Skills - how to articles from wikiHow,Interview Skills,https://www.wikihow.com/Category:Interview-Skills
Gardening,5,Blue Lock Watch Order: All Seasons & Movie,How to Watch Blue Lock in Order: A Complete Guide,https://www.wikihow.com/Blue-Lock-Watch-Order
Gardening,5,How to Find the Admin of a Facebook Group,How to Find & Contact Admins & Moderators of a Facebook Group,https://www.wikihow.com/Find-the-Admin-of-a-Facebook-Group
Gardening,5,How to Grow Mushrooms Indoors: A Complete Guide,How to Cultivate Mushrooms at Home: Everything You Need to Know,https://www.wikihow.com/Grow-Mushrooms-Indoors
Gardening,5,How to See Who You've Requested to Follow on Instagram,Easily View a List of People You Have Requested to Follow on Instagram,https://www.wikihow.com/View-the-List-of-People-You-Have-Requested-to-Follow-on-Instagram
Gardening,5,Ringtones - how to articles from wikiHow,Ringtones,https://www.wikihow.com/Category:Ringtones
Gardening,5,Banking and Finance Law - how to articles from wikiHow,Banking and Finance Law,https://www.wikihow.com/Category:Banking-and-Finance-Law
Gardening,5,How to Get the Confidence to Speak in Front of a Class,How to Get the Confidence to Speak in Front of a Class,https://www.wikihow.com/Get-the-Confidence-to-Speak-in-Front-of-a-Class
Gardening,5,Caregiving - how to articles from wikiHow,Caregiving,https://www.wikihow.com/Category:Caregiving
Gardening,5,Passports - how to articles from wikiHow,Passports,https://www.wikihow.com/Category:Passports
Gardening,5,200+ Funny & Clever Team Names,The Most Epic List of Funny Team Names Ever,https://www.wikihow.com/Funny-Team-Names
Gardening,5,Photographic Techniques - how to articles from wikiHow,Photographic Techniques,https://www.wikihow.com/Category:Photographic-Techniques
Gardening,5,American History - how to articles from wikiHow,American History,https://www.wikihow.com/Category:American-History
Gardening,5,Buying Property - how to articles from wikiHow,Buying Property,https://www.wikihow.com/Category:Buying-Property
Gardening,5,Image Scanners - how to articles from wikiHow,Image Scanners,https://www.wikihow.com/Category:Image-Scanners
Gardening,5,How to Create a Mailing List for Blogger,How to Create a Mailing List for Blogger,https://www.wikihow.com/Create-a-Mailing-List-for-Blogger
Gardening,5,Painting Subjects - how to articles from wikiHow,Painting Subjects,https://www.wikihow.com/Category:Painting-Subjects
Gardening,5,Classroom Management and Student Conduct - how to ...,Classroom Management and Student Conduct,https://www.wikihow.com/Category:Classroom-Management-and-Student-Conduct
Gardening,5,How to Edit Your Friends List on Facebook: App & Website,How to Edit Your Friends List on Facebook: App & Website,https://www.wikihow.com/Edit-Your-Friends-List-on-the-Facebook-App-on-Android
Gardening,5,Weight Management - how to articles from wikiHow,Weight Management,https://www.wikihow.com/Category:Weight-Management
Gardening,5,Clothing Organization - how to articles from wikiHow,Clothing Organization,https://www.wikihow.com/Category:Clothing-Organization
Gardening,5,Liver Health - how to articles from wikiHow,Liver Health,https://www.wikihow.com/Category:Liver-Health
Gardening,5,Creating Habitats for Wildlife - how to articles from wikiHow,Creating Habitats for Wildlife,https://www.wikihow.com/Category:Creating-Habitats-for-Wildlife
Gardening,5,Information Technology Careers - how to articles from ...,Information Technology Careers,https://www.wikihow.com/Category:Information-Technology-Careers
Gardening,5,Measuring Distance - how to articles from wikiHow,Measuring Distance,https://www.wikihow.com/Category:Measuring-Distance
Gardening,5,Homemade Makeup - how to articles from wikiHow,Homemade Makeup,https://www.wikihow.com/Category:Homemade-Makeup
Gardening,5,Government - how to articles from wikiHow,Government,https://www.wikihow.com/Category:Government
Gardening,5,Sun Safety - how to articles from wikiHow,Sun Safety,https://www.wikihow.com/Category:Sun-Safety
Gardening,5,How to Subnet a Class C Network: 7 Steps (with Pictures),How to Subnet a Class C Network,https://www.wikihow.com/Subnet-a-Class-C-Network
Gardening,5,Parties - how to articles from wikiHow,Parties,https://www.wikihow.com/Category:Parties
Gardening,5,Stress Management - how to articles from wikiHow,Stress Management,https://www.wikihow.com/Category:Stress-Management
Gardening,5,Film Studies - how to articles from wikiHow,Film Studies,https://www.wikihow.com/Category:Film-Studies
Gardening,5,Wii U - how to articles from wikiHow,Wii U,https://www.wikihow.com/Category:Wii-U
Gardening,5,School Hot Takes: Cast Your Vote Now!,Do You Agree with These School Hot Takes?,https://www.wikihow.com/School-Hot-Takes
Gardening,5,Inventions - how to articles from wikiHow,Inventions,https://www.wikihow.com/Category:Inventions
Gardening,5,Body Scrubs - how to articles from wikiHow,Body Scrubs,https://www.wikihow.com/Category:Body-Scrubs
Gardening,5,Outdoor Buildings - how to articles from wikiHow,Outdoor Buildings,https://www.wikihow.com/Category:Outdoor-Buildings
Gardening,5,How to Add and Check Mutual Friends on Facebook,Facebook Mutual Friends Explained:  Checking and Gaining,https://www.wikihow.com/Get-Mutual-Friends-on-Facebook
Gardening,5,The 350+ Best Bridesmaid Group Chat Names for Your Gals,The 350+ Best Bridesmaid Group Chat Names for Your Gals,https://www.wikihow.com/Bridesmaid-Group-Chat-Names
Gardening,5,2 Simple Ways to Invite Users to a Group Chat on WhatsApp,2 Simple Ways to Invite Users to a Group Chat on WhatsApp,https://www.wikihow.com/Invite-Users-to-a-Group-Chat-on-WhatsApp
Gardening,5,How to Fall Asleep in Class (with Pictures),How to Fall Asleep in Class,https://www.wikihow.com/Fall-Asleep-in-Class
Gardening,5,How to Grow Cuttings from Established Plants: Easy Methods,Easy Ways to Grow Plant Cuttings in Water or Soil for Propagation,https://www.wikihow.com/Grow-Cuttings-from-Established-Plants
Gardening,5,Yard and Outdoors - how to articles from wikiHow,Yard and Outdoors,https://www.wikihow.com/Category:Yard-and-Outdoors
Gardening,5,Asking Someone Out - how to articles from wikiHow,Asking Someone Out,https://www.wikihow.com/Category:Asking-Someone-Out
Gardening,5,15 Ways to Be Good at Group Discussion,How to Be Good at Group Discussion,https://www.wikihow.com/Be-Good-at-Group-Discussion
Gardening,5,Adding & Managing Users in Linux Groups,Adding & Managing Users in Linux Groups,https://www.wikihow.com/Linux-How-to-Add-User-to-a-Group
Gardening,5,How to Make a Chemical Garden: 9 Steps (with Pictures),How to Make a Chemical Garden,https://www.wikihow.com/Make-a-Chemical-Garden
Gardening,5,"Google Groups: How to Create a Group, Invite Members ...","Google Groups: How to Create a Group, Invite Members, and More",https://www.wikihow.com/Create-a-Google-Group
Gardening,5,How to Plant Flowers: 13 Steps (with Pictures),How to Plant Flowers,https://www.wikihow.com/Plant-Flowers
Gardening,5,Toys - how to articles from wikiHow,Toys,https://www.wikihow.com/Category:Toys
Gardening,5,How to Use Potash in the Garden: Your Questions Answered,Why Do Gardens Need Potash? Everything You Need to Know,https://www.wikihow.com/Use-Potash
Gardening,5,How to Grow Roses from Cuttings: A Gardening Guide,How to Propagate Roses from Cuttings for Beautiful Blooms,https://www.wikihow.com/Take-Rose-Cuttings
Gardening,5,How to Prepare the Soil for a Vegetable Garden,"How to Prepare Soil for a Vegetable Garden: Testing, Amending & Tilling",https://www.wikihow.com/Prepare-the-Soil-for-a-Vegetable-Garden
Gardening,5,How to Build a Vertical Garden from Soda Bottles,How to Build a Vertical Garden from Soda Bottles,https://www.wikihow.com/Build-a-Vertical-Garden-from-Soda-Bottles
Gardening,5,How to Grow Plants Using Hydroponics for Beginners,How to Start a Hydroponic Garden,https://www.wikihow.com/Grow-Plants-Using-Hydroponics
Gardening,5,How to Plant Vegetables: 12 Steps (with Pictures),How to Plant Vegetables,https://www.wikihow.com/Plant-Vegetables
Gardening,5,How to Plant Your First Garden (with Pictures),How to Plant Your First Garden,https://www.wikihow.com/Plant-Your-First-Garden
Gardening,5,How to Hoe Weeds: 11 Steps (with Pictures),How to Hoe Weeds,https://www.wikihow.com/Hoe-Weeds
Gardening,5,How to Grow Healthy Plants: 10 Steps (with Pictures),How to Grow Healthy Plants,https://www.wikihow.com/Grow-Healthy-Plants
Gardening,5,How to Grow Your Own Food: A Beginner's Guide,How to Grow Your Own Food,https://www.wikihow.com/Grow-Your-Own-Food
Gardening,5,How to Grow a Bed Head Garden: 14 Steps (with Pictures),How to Grow a Bed Head Garden,https://www.wikihow.com/Grow-a-Bed-Head-Garden
Gardening,5,How to Plant Using Growing Bags,How to Plant Using Growing Bags,https://www.wikihow.com/Use-Growing-Bags-for-Plants
Gardening,5,Container Gardening for Small Spaces,Container Gardening for Small Spaces,https://www.wikihow.com/Course/Container-Gardening-for-Small-Spaces
Gardening,5,How to Start Guerrilla Gardening: 8 Steps (with Pictures),How to Start Guerrilla Gardening,https://www.wikihow.com/Start-Guerrilla-Gardening
Gardening,5,How to Grow Potted Plants (with Pictures),How to Grow Potted Plants,https://www.wikihow.com/Grow-Potted-Plants
Gardening,5,3 Ways to Build a Homemade Hydroponics System,How to Build a Homemade Hydroponics System,https://www.wikihow.com/Build-a-Homemade-Hydroponics-System
Gardening,5,3 Ways to Disinfect Gardening Tools,How to Disinfect Gardening Tools,https://www.wikihow.com/Disinfect-Gardening-Tools
Gardening,5,How to Know What Gardening Tools You Need,How to Know What Gardening Tools You Need,https://www.wikihow.com/Know-What-Gardening-Tools-You-Need
Gardening,5,3 Simple Ways to Maintain a Garden,How to Maintain a Garden,https://www.wikihow.com/Maintain-a-Garden
Gardening,5,How to Grow Vegetables Vertically - wikiHow Life,How to Grow Vegetables Vertically,https://www.wikihow.com/Grow-Vegetables-Vertically
Gardening,5,"How to Lower the pH of Water for Drinking, Gardening ...","How to Lower the pH of Drinking Water, Gardening Water, Pools & Aquariums",https://www.wikihow.com/Lower-the-pH-of-Water
Gardening,5,How to Make Your Own Mulch for Gardening (without a ...,"Making DIY Mulch with Leaves, Wood, Grass, or Pine Needles",https://www.wikihow.com/Make-Mulch
Gardening,5,How to Stake a Plant: 4 Steps (with Pictures),How to Stake a Plant,https://www.wikihow.com/Stake-a-Plant
Gardening,5,How to Build a Compost Pile: 14 Steps (with Pictures),How to Build a Compost Pile,https://www.wikihow.com/Build-a-Compost-Pile
Gardening,5,How to Care for Tulips: A Gardening Guide,Everything You Need to Know about Growing Tulips for Beautiful Blooms,https://www.wikihow.com/Care-for-Tulips
Gardening,5,How to Transplant Plants & Flowers: Expert-Backed Tips,When and How to Transplant Plants: A Complete Potting & Gardening Guide,https://www.wikihow.com/Transplant-a-Plant
Gardening,5,How to Decorate Garden Stones (with Pictures),How to Decorate Garden Stones,https://wikihow.com/Decorate-Garden-Stones
Gardening,5,How to Teach Kids to Garden: 13 Steps (with Pictures),How to Teach Kids to Garden,https://www.wikihow.com/Teach-Kids-to-Garden
Gardening,5,3 Ways to Plant,How to Plant,https://www.wikihow.com/Plant-
Gardening,5,How to Start a Vegetable Garden: 15 Steps (with Pictures),How to Start a Vegetable Garden,https://www.wikihow.com/Plan-a-Vegetable-Garden
Gardening,5,6 Ways to Compost,How to Compost,https://www.wikihow.com/Compost
Gardening,5,5 Ways to Choose Plants for a Garden,How to Choose Plants for a Garden,https://www.wikihow.com/Choose-Plants-for-a-Garden
Gardening,5,The Best Way to Plant Tulip Bulbs - Gardening - wikiHow,The Best Way to Plant Tulip Bulbs,https://www.wikihow.com/Plant-Tulip-Bulbs
Gardening,5,How to Grow a Sustainable Garden (with Pictures),How to Grow a Sustainable Garden,https://www.wikihow.com/Grow-a-Sustainable-Garden
Gardening,5,How to Grow a Spring Garden: The Beginner's Guide on ...,How to Grow a Spring Garden: The Beginner's Guide on What to Plant & When,https://www.wikihow.com/Grow-a-Spring-Garden
Gardening,5,How to Use Organic Pesticides for Gardening - wikiHow Life,How to Use Organic Pesticides for Gardening,https://www.wikihow.com/Use-Organic-Pesticides-for-Gardening
Gardening,5,How to Use Vermiculite in a Container Garden,How to Use Vermiculite in a Container Garden,https://www.wikihow.com/Use-Vermiculite-in-a-Container-Garden
Gardening,5,How to Make a Small Vegetable Garden (with Pictures),How to Make a Small Vegetable Garden,https://www.wikihow.com/Make-a-Small-Vegetable-Garden
Gardening,5,How to Sharpen Pruning Shears (with Pictures),How to Sharpen Pruning Shears,https://www.wikihow.com/Sharpen-Pruning-Shears
Gardening,5,Video: How to Get Rid of Caterpillars,How to Get Rid of Caterpillars in Your Yard & Garden,https://www.wikihow.com/Video/Get-Rid-of-Caterpillars
Gardening,5,3 Ways to Clean Garden Gloves,How to Clean Garden Gloves,https://www.wikihow.com/Clean-Garden-Gloves
Gardening,5,Expert Most Common Beginner Gardening Mistake,Expert Most Common Beginner Gardening Mistake,https://www.wikihow.com/Expert-Most-Common-Beginner-Gardening-Mistake
Gardening,5,3 Ways to Prepare for Menopause Related Health Changes,How to Prepare for Menopause Related Health Changes,https://wikihow.com/Prepare-for-Menopause-Related-Health-Changes
Gardening,5,How to Keep Yourself Healthy After Recovering from an Eating ...,How to Keep Yourself Healthy After Recovering from an Eating Disorder,https://m.wikihow.com/Keep-Yourself-Healthy-After-Recovering-from-an-Eating-Disorder
Gardening,5,How to Grow Ginger: 9 Tips for Beginners,"How to Plant, Care For, and Harvest Ginger at Home",https://www.wikihow.com/Grow-a-Ginger-Plant
Gardening,5,How to Grow a Summer Garden: The Beginner's Guide ...,How to Grow a Summer Garden: The Beginner's Guide on What to Plant and When,https://www.wikihow.com/Grow-a-Summer-Garden
Gardening,5,How to Grow an Onion from an Onion: Easy Planting Guide,How to Grow Onions from Onions at Home,https://www.wikihow.com/Grow-an-Onion-from-an-Onion
Gardening,5,3 Ways to Grow Papaya,How to Grow Papaya,https://www.wikihow.com/Grow-Papaya
Gardening,5,5 Ways to Care for Landscape Plants,How to Care for Landscape Plants,https://www.wikihow.com/Care-for-Landscape-Plants
Gardening,5,How to Plant a Seed in a Pot: 11 Steps (with Pictures),How to Plant a Seed in a Pot,https://www.wikihow.com/Plant-a-Seed-in-a-Pot
Gardening,5,How to Plant Rice Indoors (with Pictures),How to Plant Rice Indoors,https://www.wikihow.com/Plant-Rice-Indoors
Gardening,5,How to Grow Henna (with Pictures),How to Grow Henna,https://www.wikihow.com/Grow-Henna
Gardening,5,How to Grow White Button Mushrooms,How to Grow White Button Mushrooms,https://www.wikihow.com/Grow-White-Button-Mushrooms
Gardening,5,How to Remove Salt from Softened Water for Plants,4 Easy and Effective Ways to Remove Salt from Softened Water and Help Your Plants Thrive,https://www.wikihow.com/Remove-Salt-from-Softened-Water-for-Plants
Gardening,5,How to Use Wicks to Water Plants: Easy Step-by-Step Guide,How to Make and Use Water Wicks for Houseplants,https://www.wikihow.com/Use-Wicks-to-Water-Plants
Gardening,5,3 Ways to Germinate Seeds,How to Germinate Seeds,https://www.wikihow.com/Germinate-Seeds
Gardening,5,How to Prepare the Soil for Strawberries,How to Prepare the Soil for Strawberries,https://www.wikihow.com/Prepare-the-Soil-for-Strawberries
Gardening,5,3 Ways to Use Hydrogen Peroxide in the Garden,How to Use Hydrogen Peroxide in the Garden,https://www.wikihow.com/Use-Hydrogen-Peroxide-in-the-Garden
Gardening,5,"wikiHow Expert Co-author: Andrew Carberry, MPH","Andrew Carberry, MPH",https://www.wikihow.com/Author/Andrew-Carberry-MPH
Gardening,5,How to Grow Hydroponic Mushrooms,How to Grow Hydroponic Mushrooms,https://www.wikihow.com/Grow-Hydroponic-Mushrooms
Gardening,5,How to Plant Vines: 13 Steps (with Pictures),How to Plant Vines,https://www.wikihow.com/Plant-Vines
Gardening,5,How to Determine How Much Water Plants Need: 15 Steps,How to Determine How Much Water Plants Need,https://www.wikihow.com/Determine-How-Much-Water-Plants-Need
Gardening,5,How to Garden With Vinegar: 9 Steps (with Pictures),How to Garden With Vinegar,https://www.wikihow.com/Garden-With-Vinegar
Gardening,5,How to Plant Seeds in a Basic Seed Tray,How to Plant Seeds in a Basic Seed Tray,https://www.wikihow.com/Plant-Seeds-in-a-Basic-Seed-Tray
Gardening,5,wikiHow Expert Co-author: Olivia Choong,Olivia Choong,https://www.wikihow.com/Author/Olivia-Choong
Gardening,5,6 Fascinating (and Easy) Ways to Grow a Plant Without Soil,6 Fascinating (and Easy) Ways to Grow a Plant Without Soil,https://www.wikihow.com/Grow-a-Plant-Without-Soil
Gardening,5,3 Ways to Make a Mini Greenhouse for Your Seedlings,How to Make a Mini Greenhouse,https://www.wikihow.com/Make-a-Mini-Greenhouse
Gardening,5,How to Plant & Grow Your Own Fenugreek (Methi),How to Plant & Grow Your Own Fenugreek (Methi),https://www.wikihow.com/Grow-Fenugreek
Gardening,5,3 Ways to Use Baking Soda in the Garden,How to Use Baking Soda in the Garden,https://www.wikihow.com/Use-Baking-Soda-in-the-Garden
Gardening,5,Mary Goldsmith - Gardening Expert,Mary Goldsmith,https://www.wikihow.com/Author/Mary-Goldsmith
Gardening,5,How to Plant the Three Sisters (with Pictures),How to Plant the Three Sisters,https://www.wikihow.com/Plant-the-Three-Sisters
Gardening,5,How to Clean a Garden Sprayer: 11 Steps (with Pictures),How to Clean a Garden Sprayer,https://www.wikihow.com/Clean-a-Garden-Sprayer
Gardening,5,How to Grow Jasmine in a Pot,How to Plant & Care for Jasmine in Containers,https://www.wikihow.com/Grow-Jasmine-in-a-Pot
Gardening,5,How to Grow a Mango Tree from Seed,How to Plant a Mango Tree at Home,https://www.wikihow.com/Grow-a-Mango-Tree
Gardening,5,How to Grow a Garden in a Bottle (with Pictures),How to Grow a Garden in a Bottle,https://www.wikihow.com/Grow-a-Garden-in-a-Bottle
Gardening,5,4 Ways to Pebble a Garden,How to Pebble a Garden,https://www.wikihow.com/Pebble-a-Garden
Gardening,5,3 Easy Ways to Break Down Clay Soil Fast,How to Break Down Clay Soil Fast,https://www.wikihow.com/Break-Down-Clay-Soil-Fast
Gardening,5,How to Grow Strawberries from Seeds: Planting & Care ...,How to Get Strawberry Seeds & Grow a Strawberry Plant,https://www.wikihow.com/Grow-Strawberries-from-the-Seed
Gardening,5,"How to Grow a Pumpkin: Planting, Care, and Harvesting",How to Grow Pumpkins at Home,https://www.wikihow.com/Grow-a-Pumpkin
Gardening,5,How to Revive an Overfertilized Plant,How to Revive an Overfertilized Plant,https://www.wikihow.com/Revive-an-Overfertilized-Plant
Gardening,5,How to Get Rid of Scale Insects: Prevention & Removal,How to Eliminate Scale Bugs,https://www.wikihow.com/Get-Rid-of-Scale-Insects
Gardening,5,How to Prepare a New Garden Bed: 12 Steps (with Pictures),How to Prepare a New Garden Bed,https://www.wikihow.com/Prepare-a-New-Garden-Bed
Gardening,5,3 Ways to Grow Plants Faster,How to Grow Plants Faster,https://www.wikihow.com/Grow-Plants-Faster
Gardening,5,How to Build Vegetable Garden Boxes,How to Build Vegetable Garden Boxes,https://www.wikihow.com/Build-Vegetable-Garden-Boxes
Gardening,5,Planting and Growing (Page 2) - how to articles from wikiHow,Planting and Growing,https://www.wikihow.com/Category:Planting-and-Growing?pg=2
Gardening,5,How to Choose the Best Time for Watering a Garden: 7 Steps,How to Choose the Best Time for Watering a Garden,https://www.wikihow.com/Choose-the-Best-Time-for-Watering-a-Garden
Gardening,5,How to Build a Japanese Garden (with Pictures),How to Build a Japanese Garden,https://www.wikihow.com/Build-a-Japanese-Garden
Gardening,5,How to Build a Hydroponic Garden (with Pictures),How to Build a Hydroponic Garden,https://www.wikihow.com/Build-a-Hydroponic-Garden
Gardening,5,How to Start Vegetable Seeds Indoors,How to Start Vegetable Seeds Indoors,https://www.wikihow.com/Start-Vegetable-Seeds-Indoors
Gardening,5,How to Build a Mason Jar Herb Garden,How to Build a Mason Jar Herb Garden,https://www.wikihow.com/Build-a-Mason-Jar-Herb-Garden
Gardening,5,4 Ways to Plant a Plant,How to Plant a Plant,https://www.wikihow.com/Plant-a-Plant
Gardening,5,3 Ways to Add Potassium to an Organic Garden,How to Add Potassium to an Organic Garden,https://www.wikihow.com/Add-Potassium-to-an-Organic-Garden
Gardening,5,4 Ways to Prepare Soil for a Garden,How to Prepare Soil for a Garden,https://www.wikihow.com/Prepare-Dirt-for-a-Garden
Gardening,5,3 Ways to Grow a Container Garden,How to Grow a Container Garden,https://www.wikihow.com/Grow-a-Container-Garden
Gardening,5,How to Grow Wheat in Your Garden (with Pictures),How to Grow Wheat in Your Garden,https://www.wikihow.com/Grow-Wheat-in-Your-Garden
Gardening,5,How to Water Plants Effectively: 12 Steps (with Pictures),How to Water Plants Effectively,https://m.wikihow.com/Water-Plants-Effectively
Gardening,5,How to Dog Proof a Garden: 14 Steps (with Pictures),How to Dog Proof a Garden,https://www.wikihow.com/Dog-Proof-a-Garden
Gardening,5,How to Grow Mint (with Pictures),How to Grow Mint,https://www.wikihow.com/Grow-Mint
Gardening,5,How to Store Garden Onions: 10 Steps (with Pictures),How to Store Garden Onions,https://www.wikihow.com/Store-Garden-Onions
Gardening,5,How to Apply Mulch: 14 Steps (with Pictures),How to Apply Mulch,https://www.wikihow.com/Apply-Mulch
Gardening,5,How to Use Seaweed in the Garden: 6 Steps (with Pictures),How to Use Seaweed in the Garden,https://www.wikihow.com/Use-Seaweed-in-the-Garden
Gardening,5,How to Keep Cats Out of a Garden: 4 Effective Methods,How to Keep Cats Out of Your Garden,https://www.wikihow.com/Keep-Cats-Out-of-a-Garden
Gardening,5,How to Grow Morning Glories (with Pictures),How to Grow Morning Glories,https://www.wikihow.com/Grow-Morning-Glories
Gardening,5,How to Start a Bonsai Tree: A Beginner's Guide,How to Start a Bonsai Tree from Seed or by Transplant,https://www.wikihow.com/Start-a-Bonsai-Tree
Gardening,5,Understanding How a Greenhouse Works and What It Does,Understanding How a Greenhouse Works and What It Does,https://www.wikihow.com/How-Does-a-Greenhouse-Work
Gardening,5,8 Ways to Prepare Land for Farming,How to Prepare Land for Farming,https://www.wikihow.com/Prepare-Land-for-Farming
Gardening,5,The Best Soil for Raised Garden Beds: A Complete Guide,The Best Soil for Raised Garden Beds: A Complete Guide,https://www.wikihow.com/What-Soil-Do-You-Use-in-Raised-Garden-Beds
Gardening,5,How to Plant & Grow Beans: From Seed to Harvest,How to Plant & Grow Beans: From Seed to Harvest,https://www.wikihow.com/Grow-a-Bean-Plant
Gardening,5,How to Propagate Your Plants: 4 Beginner Techniques,4 Easy Ways to Propagate Your Plants,https://www.wikihow.com/Propagate-Your-Plants
Gardening,5,How to Control Black Spot on Roses (with Pictures),How to Control Black Spot on Roses,https://www.wikihow.com/Control-Black-Spot-on-Roses
Gardening,5,How to Plant Landscape Plants (with Pictures),How to Plant Landscape Plants,https://www.wikihow.com/Plant-Landscape-Plants?v=85a3c2
Gardening,5,"How to Grow Sweet Potatoes: Planting, Watering & more",How to Cultivate Sweet Potatoes,https://www.wikihow.com/Grow-Sweet-Potatoes
Gardening,5,How to Grow Basil Indoors (with Pictures),How to Grow Basil Indoors,https://www.wikihow.com/Grow-Basil-Indoors
Gardening,5,How to Create a Zen Garden: 7 Steps (with Pictures),How to Create a Zen Garden,https://www.wikihow.com/Create-a-Zen-Garden
Gardening,5,How to Construct a Raised Planting Bed (with Pictures),How to Construct a Raised Planting Bed,https://www.wikihow.com/Construct-a-Raised-Planting-Bed
Gardening,5,How to Plant on a Slope: 11 Steps (with Pictures),How to Plant on a Slope,https://www.wikihow.com/Plant-on-a-Slope
Gardening,5,How to Grow Flowers from Seed (with Pictures),How to Grow Flowers from Seed,https://www.wikihow.com/Grow-Flowers-from-Seed
Gardening,5,Learn How to Grow (and Enjoy!) Kitchen Herbs,Learn How to Grow (and Enjoy!) Kitchen Herbs,https://www.wikihow.com/Course/Grow-and-Enjoy-Kitchen-Herbs
Gardening,5,How to Keep Rats Out of a Vegetable Garden (with Pictures),How to Keep Rats Out of a Vegetable Garden,https://www.wikihow.com/Keep-Rats-Out-of-a-Vegetable-Garden
Gardening,5,"Video: What are the easiest plants for an at-home, inedible ...","Video: What are the easiest plants for an at-home, inedible garden?",https://www.wikihow.com/Expert-Easy-Plants-At-Home-Inedible-Garden
Gardening,5,How to Choose Vegetables to Grow (with Pictures),How to Choose Vegetables to Grow,https://www.wikihow.com/Choose-Vegetables-to-Grow
Gardening,5,How to Care for Garden Snails (with Pictures),How to Care for Garden Snails,https://www.wikihow.com/Care-for-Garden-Snails
Gardening,5,3 Ways to Landscape,How to Landscape,https://www.wikihow.com/Landscape
Gardening,5,How to Care for Ferns: A Guide for Indoor & Outdoor Plants,How to Care for a Fern Plant,https://www.wikihow.com/Care-for-Ferns
Gardening,5,How to Create Your own Mini Garden,How to Create Your own Mini Garden,https://www.wikihow.com/Create-Your-own-Mini-Garden
Gardening,5,How to Grow Mint Indoors: 13 Steps (with Pictures),How to Grow Mint Indoors,https://www.wikihow.com/Grow-Mint-Indoors
Gardening,5,4 Ways to Get Rid of Garden Slugs,How to Get Rid of Garden Slugs,https://www.wikihow.com/Get-Rid-of-Garden-Slugs
Gardening,5,How to Improve Soil (with Pictures),How to Improve Soil,https://cy.wikihow.com/Improve-Soil
Gardening,5,4 Ways to Support Tomato Plants in Pots,How to Support Tomato Plants in Pots,https://www.wikihow.com/Support-Tomato-Plants-in-Pots
Gardening,5,How to Rake a Zen Garden: 12 Steps (with Pictures),How to Rake a Zen Garden,https://www.wikihow.com/Rake-a-Zen-Garden
Gardening,5,How to Prepare Soil for an Organic Garden,How to Prepare Soil for an Organic Garden,https://www.wikihow.com/Prepare-Soil-for-an-Organic-Garden
Gardening,5,How to Grow Mushrooms (with Pictures),How to Grow Mushrooms,https://www.wikihow.com/Grow-Mushrooms
Gardening,5,How to Know What Fertilizer to Use On Your Garden Plants ...,How to Know What Fertilizer to Use On Your Garden Plants and When to Use It,https://www.wikihow.com/Know-What-Fertilizer-to-Use-On-Your-Garden-Plants-and-When-to-Use-It
Gardening,5,3 Ways to Make Money Growing Vegetables,How to Make Money Growing Vegetables,https://www.wikihow.com/Make-Money-Growing-Vegetables
Gardening,5,How to Create a Butterfly Garden (with Pictures),How to Create a Butterfly Garden,https://www.wikihow.com/Create-a-Butterfly-Garden
Gardening,5,How to Level a Sloping Garden (with Pictures),How to Level a Sloping Garden,https://www.wikihow.com/Level-a-Sloping-Garden
Gardening,5,3 Ways to Make a Basket from a Garden Hose,How to Make a Basket from a Garden Hose,https://www.wikihow.com/Make-a-Basket-from-a-Garden-Hose
Gardening,5,3 Ways to Keep Raccoons Out of the Garden,How to Keep Raccoons Out of the Garden,https://www.wikihow.com/Keep-Raccoons-Out-of-the-Garden
Gardening,5,How to Plant Sugar Apples (with Pictures),How to Plant Sugar Apples,https://www.wikihow.com/Plant-Sugar-Apples
Gardening,5,How to Grow Vanilla at Home (From Planting to Harvest),"Complete DIY Guide to Growing Vanilla: Planting, Fertilizing, & More",https://www.wikihow.com/Grow-Vanilla
Gardening,5,How to Raise Earthworms (with Pictures),How to Raise Earthworms,https://www.wikihow.com/Raise-Earthworms
Home-and-Garden,6,Theme and Feature Gardens - how to articles from wikiHow,Theme and Feature Gardens,https://www.wikihow.com/Category:Theme-and-Feature-Gardens
Home-and-Garden,6,Home Decor - how to articles from wikiHow,Home Decor,https://www.wikihow.com/Category:Home-Decor
Home-and-Garden,6,Home Decorating - how to articles from ...,Home Decorating,https://www.wikihow.com/Category:Home-Decorating
Home-and-Garden,6,3 Ways to Decorate Your Home,How to Decorate Your Home,https://www.wikihow.com/Decorate-Your-Home
Home-and-Garden,6,Home Organization - how to articles from wikiHow,Home Organization,https://www.wikihow.com/Category:Home-Organization
Home-and-Garden,6,Home Improvements - how to articles from wikiHow,Home Improvements,https://www.wikihow.com/Category:Home-Improvements
Home-and-Garden,6,19 Helpful Tips to Keep a Home Clean and Tidy,19 Helpful Tips to Keep a Home Clean and Tidy,https://www.wikihow.com/Maintain-a-Clean-Home
Home-and-Garden,6,House Building - how to articles from wikiHow,House Building,https://www.wikihow.com/Category:House-Building
Home-and-Garden,6,Categories,Top Categories,https://www.wikihow.com/Special:CategoryListing?no_redirect=true
Home-and-Garden,6,House Designs and Plans - how to articles from wikiHow,House Designs and Plans,https://www.wikihow.com/Category:House-Designs-and-Plans
Home-and-Garden,6,Hydroponics - how to articles from wikiHow,Hydroponics,https://www.wikihow.com/Category:Hydroponics
Home-and-Garden,6,Buying Furniture - how to articles from wikiHow,Buying Furniture,https://www.wikihow.com/Category:Buying-Furniture
Home-and-Garden,6,How to Protect Your Home and Garden from Elephants,How to Protect Your Home and Garden from Elephants,https://www.wikihow.com/Protect-Your-Home-and-Garden-from-Elephants
Home-and-Garden,6,Home Repairs - how to articles from wikiHow,Home Repairs,https://www.wikihow.com/Category:Home-Repairs
Home-and-Garden,6,Furniture - how to articles from wikiHow,Furniture,https://www.wikihow.com/Category:Furniture
Home-and-Garden,6,Home Appliances - how to articles from wikiHow,Home Appliances,https://www.wikihow.com/Category:Home-Appliances
Home-and-Garden,6,Interior Design for Rooms - how to articles from wikiHow,Interior Design for Rooms,https://www.wikihow.com/Category:Interior-Design-for-Rooms
Home-and-Garden,6,Buying a House - how to articles from wikiHow,Buying a House,https://www.wikihow.com/Category:Buying-a-House
Home-and-Garden,6,House Cleaning - how to articles from wikiHow,House Cleaning,https://www.wikihow.com/Category:House-Cleaning
Home-and-Garden,6,30+ Entertaining & Refreshing Things to Do on a Sunday,30+ Entertaining & Refreshing Things to Do on a Sunday,https://www.wikihow.com/What-to-Do-on-a-Sunday
Home-and-Garden,6,Moving House - how to articles from wikiHow,Moving House,https://www.wikihow.com/Category:Moving-House
Home-and-Garden,6,Bedroom Style - how to articles from wikiHow,Bedroom Style,https://www.wikihow.com/Category:Bedroom-Style
Home-and-Garden,6,Building Bedroom Furniture - how to articles from wikiHow,Building Bedroom Furniture,https://www.wikihow.com/Category:Building-Bedroom-Furniture
Home-and-Garden,6,Family Life - how to articles from wikiHow,Family Life,https://www.wikihow.com/Category:Family-Life
Home-and-Garden,6,Home Security - how to articles from wikiHow,Home Security,https://www.wikihow.com/Category:Home-Security
Home-and-Garden,6,17 Ways to Reduce Paper Waste,How to Reduce Paper Waste,https://www.wikihow.com/Reduce-Paper-Waste
Home-and-Garden,6,House Training Cats - how to articles from wikiHow,House Training Cats,https://www.wikihow.com/Category:House-Training-Cats
Home-and-Garden,6,How to Keep Your School Clean: Best Tips & Tricks,Best Ways to Keep Your School Clean (with Expert Advice),https://www.wikihow.com/Keep-Your-School-Clean
Home-and-Garden,6,Home Businesses - how to articles from wikiHow,Home Businesses,https://www.wikihow.com/Category:Home-Businesses
Home-and-Garden,6,How to Play M.A.S.H in 6 Easy Steps,M.A.S.H: A Silly Prediction Game for All Ages,https://www.wikihow.com/Play-M.A.S.H
Home-and-Garden,6,Home Theater - how to articles from wikiHow,Home Theater,https://www.wikihow.com/Category:Home-Theater
Home-and-Garden,6,Heat and Cold Injuries - how to articles from wikiHow,Heat and Cold Injuries,https://www.wikihow.com/Category:Heat-and-Cold-Injuries
Home-and-Garden,6,Journalism - how to articles from wikiHow,Journalism,https://www.wikihow.com/Category:Journalism
Home-and-Garden,6,"How to Start a Group Home: Costs, Regulations, and More",How to Start a Group Home,https://www.wikihow.com/Start-a-Group-Home
Home-and-Garden,6,Buying Fashion Accessories - how to articles from wikiHow,Buying Fashion Accessories,https://www.wikihow.com/Category:Buying-Fashion-Accessories
Home-and-Garden,6,How to Get Current Location on Google Maps: 9 Steps,How to Get Current Location on Google Maps,https://www.wikihow.com/Get-Current-Location-on-Google-Maps
Home-and-Garden,6,Leadership - how to articles from wikiHow,Leadership,https://www.wikihow.com/Category:Leadership
Home-and-Garden,6,Cinemas - how to articles from wikiHow,Cinemas,https://www.wikihow.com/Category:Cinemas
Home-and-Garden,6,"40+ Popular Types of Wine: Reds, Whites, & More","40+ Popular Types of Wine: Reds, Whites, & More",https://www.wikihow.com/Wine-Types
Home-and-Garden,6,How to List an Item in Your Etsy Shop (with Pictures),How to List an Item in Your Etsy Shop,https://www.wikihow.com/List-an-Item-in-Your-Etsy-Shop
Home-and-Garden,6,Toothpaste Color Codes: The Internet Myth Debunked,Toothpaste Color Codes: The Internet Myth Debunked,https://www.wikihow.com/Toothpaste-Color-Codes
Home-and-Garden,6,How to Create a Drop Down List in Excel: Quick Guide,How to Create a Drop Down List in Excel: Step-by-Step Tutorial,https://www.wikihow.com/Create-a-Drop-Down-List-in-Excel
Home-and-Garden,6,The “Harry Potter” Black Family Tree: A Complete Guide,Who’s in the House of Black? Everyone You Need to Know,https://www.wikihow.com/Harry-Potter-Black-Family-Tree
Home-and-Garden,6,How to Start a Support Group (with Pictures),How to Start a Support Group,https://www.wikihow.com/Start-a-Support-Group
Home-and-Garden,6,How to Play Mafia: Party Game Rules,A Fun Guide to Playing Mafia With Your Friends,https://www.wikihow.com/Play-Mafia
Home-and-Garden,6,Japanese Phrases - how to articles from wikiHow,Japanese Phrases,https://www.wikihow.com/Category:Japanese-Phrases
Home-and-Garden,6,What Are the Big 3 of Anime? New & Old Generations,The Big 3 of Anime: Everything You Need to Know,https://www.wikihow.com/Big-3-Anime
Home-and-Garden,6,Autobiographies - how to articles from wikiHow,Autobiographies,https://www.wikihow.com/Category:Autobiographies
Home-and-Garden,6,Mouth Disorders - how to articles from wikiHow,Mouth Disorders,https://www.wikihow.com/Category:Mouth-Disorders
Home-and-Garden,6,Fencing - how to articles from wikiHow,Fencing,https://www.wikihow.com/Category:Fencing
Home-and-Garden,6,Video: How to Approach a Girl in a Group at a Bar,How Do You Approach a Girl in a Group? 10 Ways to Up Your Game at the Bar and Get Her to Notice You,https://www.wikihow.com/Video/Approach-a-Girl-in-a-Group-at-a-Bar
Home-and-Garden,6,Tendonitis - how to articles from wikiHow,Tendonitis,https://www.wikihow.com/Category:Tendonitis
Home-and-Garden,6,Kidney Health - how to articles from wikiHow,Kidney Health,https://www.wikihow.com/Category:Kidney-Health
Home-and-Garden,6,Layer Cutting Hair - how to articles from wikiHow,Layer Cutting Hair,https://www.wikihow.com/Category:Layer-Cutting-Hair
Home-and-Garden,6,Sales Occupations - how to articles from wikiHow,Sales Occupations,https://www.wikihow.com/Category:Sales-Occupations
Home-and-Garden,6,7 Quick & Simple Ways to Initialize a List (or Array) in Java,7 Quick & Simple Ways to Initialize a List (or Array) in Java,https://www.wikihow.com/Initialize-a-List-in-Java
Home-and-Garden,6,Lip Makeup - how to articles from wikiHow,Lip Makeup,https://www.wikihow.com/Category:Lip-Makeup
Home-and-Garden,6,Fire Safety - how to articles from wikiHow,Fire Safety,https://www.wikihow.com/Category:Fire-Safety
Home-and-Garden,6,April Fool's Day - how to articles from wikiHow,April Fool's Day,https://www.wikihow.com/Category:April-Fool%27s-Day
Home-and-Garden,6,Feminine Hygiene Products - how to articles from wikiHow,Feminine Hygiene Products,https://www.wikihow.com/Category:Feminine-Hygiene-Products
Home-and-Garden,6,CDs and DVDs - how to articles from wikiHow,CDs and DVDs,https://www.wikihow.com/Category:CDs-and-DVDs
Home-and-Garden,6,How to Chew Gum in Class: 12 Steps (with Pictures),How to Chew Gum in Class,https://www.wikihow.com/Chew-Gum-in-Class
Home-and-Garden,6,Sewing Crafts - how to articles from wikiHow,Sewing Crafts,https://www.wikihow.com/Category:Sewing-Crafts
Home-and-Garden,6,"Special Grade 1 Sorcerers in Jujutsu Kaisen, Explained",What Is the Special Grade 1 Rank in Jujutsu Kaisen?,https://www.wikihow.com/Special-Grade-1
Home-and-Garden,6,How to Make a Paper Airplane That Flies Really Far,How to Make a Paper Airplane That Flies Really Far,https://www.wikihow.com/Make-a-Paper-Airplane-That-Flies-Far
Home-and-Garden,6,Animals and the Law - how to articles from wikiHow,Animals and the Law,https://www.wikihow.com/Category:Animals-and-the-Law
Home-and-Garden,6,German - how to articles from wikiHow,German,https://www.wikihow.com/Category:German
Home-and-Garden,6,60+ Roman Gods and Goddesses (& What They Rule Over),60+ Major and Minor Deities of Roman Mythology,https://www.wikihow.com/Roman-Gods
Home-and-Garden,6,How to Celebrate Your Birthday: 30 Fun Ideas + Planning ...,30+ Epic Ways to Celebrate Your Birthday & Have a Memorable Day,https://www.wikihow.com/Celebrate-Your-Birthday
Home-and-Garden,6,Ticketbud - how to articles from wikiHow,Ticketbud,https://www.wikihow.com/Category:Ticketbud
Home-and-Garden,6,120+ Fun Summer Bucket List Ideas for All Ages,"120+ Awesome Summer Bucket List Ideas for Kids, Teens & Adults",https://www.wikihow.com/Summer-Bucket-List-Ideas
Home-and-Garden,6,Foot Problems - how to articles from wikiHow,Foot Problems,https://www.wikihow.com/Category:Foot-Problems
Home-and-Garden,6,Swimming - how to articles from wikiHow,Swimming,https://www.wikihow.com/Category:Swimming
Home-and-Garden,6,How to Export Contacts on Android: 5 Simple Steps,How to Export Contacts on Android,https://www.wikihow.com/Export-Contacts-on-Android
Home-and-Garden,6,25 of the Best Fullmetal Alchemist Quotes From the Show,25 Iconic & Fan-Favorite Fullmetal Alchemist Quotes,https://www.wikihow.com/Fullmetal-Alchemist-Quotes
Home-and-Garden,6,Soups - how to articles from wikiHow,Soups,https://www.wikihow.com/Category:Soups
Home-and-Garden,6,Body Language - how to articles from wikiHow,Body Language,https://www.wikihow.com/Category:Body-Language
Home-and-Garden,6,Gout - how to articles from wikiHow,Gout,https://www.wikihow.com/Category:Gout
Home-and-Garden,6,Boxing - how to articles from wikiHow,Boxing,https://www.wikihow.com/Category:Boxing
Home-and-Garden,6,Trading Cards - how to articles from wikiHow,Trading Cards,https://www.wikihow.com/Category:Trading-Cards
Home-and-Garden,6,How to Get Rid of an Unwanted Erection: 12 Discreet Ways,How to Stop an Erection: Ending & Hiding Unexpected Arousal,https://www.wikihow.com/Get-Rid-of-an-Unwanted-Erection
Home-and-Garden,6,Performative or Authentic Quiz: Which One Are You?,Are You Performative or Authentic?,https://www.wikihow.com/Are-You-Performative-or-Authentic-Quiz
Home-and-Garden,6,What Happened to Zuko's Mom? Ursa's Story Explained,What Happened to Zuko's Mom in Avatar?,https://www.wikihow.com/What-Happened-to-Zuko%27s-Mom
Home-and-Garden,6,Paying for Healthcare - how to articles from wikiHow,Paying for Healthcare,https://www.wikihow.com/Category:Paying-for-Healthcare
Home-and-Garden,6,The Norse Gods Family Tree: Your Complete Visual Guide,Family Tree of the Norse Gods: A Mythological Deep Dive,https://www.wikihow.com/Norse-Gods-Family-Tree
Home-and-Garden,6,Performing Arts - how to articles from wikiHow,Performing Arts,https://www.wikihow.com/Category:Performing-Arts
Home-and-Garden,6,What's My Blood Type Personality? Ketsuekigata Quiz,Blood Type Personality Quiz,https://www.wikihow.com/Blood-Type-Quiz
Home-and-Garden,6,Contacting Politicians - how to articles from wikiHow,Contacting Politicians,https://www.wikihow.com/Category:Contacting-Politicians
Home-and-Garden,6,How to Repost & Share Posts on Facebook,4 Easy Ways to Repost on Facebook,https://www.wikihow.com/Repost-on-Facebook
Home-and-Garden,6,A Complete Guide to Sorcerer Grades - Jujutsu Kaisen,What Are JJK’s Sorcerer Grades? (Complete Tier List),https://www.wikihow.com/JJK-Sorcerer-Grades
Home-and-Garden,6,Food and Drink Businesses - how to articles from wikiHow,Food and Drink Businesses,https://www.wikihow.com/Category:Food-and-Drink-Businesses
Home-and-Garden,6,Foodborne Illnesses (Food Poisoning),Foodborne Illnesses (Food Poisoning),https://www.wikihow.com/Category:Foodborne-Illnesses-(Food-Poisoning)
Home-and-Garden,6,How Well Do You Know Video Games? A Quiz for Gamers,How Much of a Gamer Are You?,https://www.wikihow.com/Quiz-for-Gamers
Home-and-Garden,6,Medical Skills - how to articles from wikiHow,Medical Skills,https://www.wikihow.com/Category:Medical-Skills
Home-and-Garden,6,3 Ways to Be a Pornstar,How to Be a Pornstar,https://www.wikihow.com/Be-a-Pornstar
Home-and-Garden,6,Social Gatherings - how to articles from wikiHow,Social Gatherings,https://www.wikihow.com/Category:Social-Gatherings
Home-and-Garden,6,RuneScape Skills - how to articles from wikiHow,RuneScape Skills,https://www.wikihow.com/Category:RuneScape-Skills
Home-and-Garden,6,120+ Dating Game Questions for Couples: Flirty & Serious,120+ Fun & Deep Relationship-Building Icebreakers,https://www.wikihow.com/Dating-Game-Questions
Home-and-Garden,6,Choosing a Dog - how to articles from wikiHow,Choosing a Dog,https://www.wikihow.com/Category:Choosing-a-Dog
Home-and-Garden,6,Acting - how to articles from wikiHow,Acting,https://www.wikihow.com/Category:Acting
Home-and-Garden,6,Natural Hair Colorants and Lighteners,Natural Hair Colorants and Lighteners,https://www.wikihow.com/Category:Natural-Hair-Colorants-and-Lighteners
Home-and-Garden,6,Articles about Obsessive Compulsive Disorder,Obsessive Compulsive Disorder,https://www.wikihow.com/Category:Obsessive-Compulsive-Disorder
Home-and-Garden,6,25+ Popular Magical Girl Anime to Watch Right Now,What Is Magical Girl Anime? + The Best Series,https://www.wikihow.com/Magical-Girl-Anime
Home-and-Garden,6,Daemons of the Shadow Realm Character Quiz,Which Daemons of the Shadow Realm Character Am I?,https://www.wikihow.com/Which-Daemons-of-the-Shadow-Realm-Character-Am-I
Home-and-Garden,6,Real Estate - how to articles from wikiHow,Real Estate,https://www.wikihow.com/Category:Real-Estate
Home-and-Garden,6,Dresses and Skirts - how to articles from wikiHow,Dresses and Skirts,https://www.wikihow.com/Category:Dresses-and-Skirts
Home-and-Garden,6,How to Make a Roblox Group for Beginners,How to Make a Roblox Group for Beginners,https://www.wikihow.com/Make-a-Group-on-Roblox
Home-and-Garden,6,Selling Comics - how to articles from wikiHow,Selling Comics,https://www.wikihow.com/Category:Selling-Comics
Home-and-Garden,6,Falling in Love - how to articles from wikiHow,Falling in Love,https://www.wikihow.com/Category:Falling-in-Love
Home-and-Garden,6,What Does It Mean When a Girl Stares at You? (11 Reasons),What Does It Mean When a Girl Stares at You? (11 Reasons & How to Respond),https://www.wikihow.com/What-Does-It-Mean-when-a-Girl-Stares-at-You
Home-and-Garden,6,What Did Gojo Say to Geto in Jujutsu Kaisen 0?,What Were Gojo's Final Words to Geto? Popular Fan Theories,https://www.wikihow.com/What-Did-Gojo-Say-to-Geto
Home-and-Garden,6,Disney Fandom - how to articles from wikiHow,Disney Fandom,https://www.wikihow.com/Category:Disney-Fandom
Home-and-Garden,6,What Can Be Used As a Personal Lubricant?,What You Can (And Can’t) Use as a Lube Substitute,https://www.wikihow.com/What-Can-Be-Used-As-a-Personal-Lubricant
Home-and-Garden,6,Anime Life Simulator: Create Your Own Story,Anime Simulator: Your Life in Anime,https://www.wikihow.com/Generator/Anime-Life-Simulator
Home-and-Garden,6,Which P1Harmony Member Are You? Personality Quiz,Which P1Harmony Member Am I?,https://www.wikihow.com/Which-P1harmony-Member-Are-You
Home-and-Garden,6,Outdoor Lights - how to articles from wikiHow,Outdoor Lights,https://www.wikihow.com/Category:Outdoor-Lights
Home-and-Garden,6,The Best Mushi-Shi Watch Order (+ Where to Watch),How to Watch Mushi-Shi in Order (& If You Need To),https://www.wikihow.com/Mushishi-Watch-Order
Home-and-Garden,6,Mushoku Tensei Watch Order: The Ultimate Guide,How to Watch Mushoku Tensei: Jobless Reincarnation In Order,https://www.wikihow.com/Mushoku-Tensei-Watch-Order
Home-and-Garden,6,Book Crafts - how to articles from wikiHow,Book Crafts,https://www.wikihow.com/Category:Book-Crafts
Home-and-Garden,6,4 Simple Ways to Include References in a CV,How to Include References in a CV,https://www.wikihow.com/Include-References-in-a-CV
Home-and-Garden,6,Who's My Cartoon Animal Sidekick?,Who's My Cartoon Animal Sidekick?,https://www.wikihow.com/What-Would-My-Cartoon-Animal-Sidekick-Be
Home-and-Garden,6,How to Look Busy When You're Not: 15 Ways to Fool People,How to Appear Productive When You're Not Really Doing Anything,https://www.wikihow.com/Look-Busy-Even-when-You%27re-Not
Home-and-Garden,6,How to Block a Facebook Group on Android,How to Block a Facebook Group on Android,https://www.wikihow.com/Block-a-Facebook-Group-on-Android
Home-and-Garden,6,Rings - how to articles from wikiHow,Rings,https://www.wikihow.com/Category:Rings
Home-and-Garden,6,Shopping for Clothes - how to articles from wikiHow,Shopping for Clothes,https://www.wikihow.com/Category:Shopping-for-Clothes
Home-and-Garden,6,Painting Nails - how to articles from wikiHow,Painting Nails,https://www.wikihow.com/Category:Painting-Nails
Home-and-Garden,6,Slang from the 90s: The Ultimate List of Fly Nineties Terms,The Most Popular 90s Slang Words & Phrases: 40 Hella Bomb Sayings,https://www.wikihow.com/Slang-from-the-90%27s
Home-and-Garden,6,Dishwashers - how to articles from wikiHow,Dishwashers,https://www.wikihow.com/Category:Dishwashers
Home-and-Garden,6,Listening to Music - how to articles from wikiHow,Listening to Music,https://www.wikihow.com/Category:Listening-to-Music
Home-and-Garden,6,Can i have a list of brainrot terms please?,Can i have a list of brainrot terms please?,https://www.wikihow.com/Forum/Discussion-Can-I-Have-a-List-of-Brainrot-Terms-Please
Home-and-Garden,6,Social Activism - how to articles from wikiHow,Social Activism,https://www.wikihow.com/Category:Social-Activism
Home-and-Garden,6,Juice - how to articles from wikiHow,Juice,https://www.wikihow.com/Category:Juice
Home-and-Garden,6,2 Easy Ways to See Who You Are Following on Facebook,2 Easy Ways to See Who You Are Following on Facebook,https://www.wikihow.com/See-Who-You-Follow-on-Facebook
Home-and-Garden,6,"""Wednesday"" Character Tier List Maker","""Wednesday"" Character Tier List Maker",https://www.wikihow.com/Wednesday-Tier-List
Home-and-Garden,6,What Song Is Your Entrance Music? Personality Analyzer,What Song Is Your Entrance Music?,https://www.wikihow.com/Generator/What-Song-Would-Play-when-People-First-See-You
Home-and-Garden,6,"Am I Cat, Deer, Bunny, or Fox Pretty? Tiktok Trend Quiz","Am I Cat, Deer, Bunny, or Fox Pretty?",https://www.wikihow.com/Am-I-Cat-Deer-Bunny-or-Fox-Pretty
Home-and-Garden,6,"12 Ways to Use ""for Example"" for Clearer Writing","12 Ways to Use ""for Example"" for Clearer Writing",https://www.wikihow.com/Use-%22for-Example%22-in-a-Sentence
Home-and-Garden,6,Television Talk Shows - how to articles from wikiHow,Television Talk Shows,https://www.wikihow.com/Category:Television-Talk-Shows
Home-and-Garden,6,Fundraising and Charity - how to articles from wikiHow,Fundraising and Charity,https://www.wikihow.com/Category:Fundraising-and-Charity
Home-and-Garden,6,Sewing - how to articles from wikiHow,Sewing,https://www.wikihow.com/Category:Sewing
Home-and-Garden,6,What Is a Positive Canthal Tilt & Is It Attractive?,What Is a Positive Canthal Tilt & Is It Attractive?,https://www.wikihow.com/Positive-Canthal-Tilt
Home-and-Garden,6,Horse Showing and Competition - how to articles from ...,Horse Showing and Competition,https://www.wikihow.com/Category:Horse-Showing-and-Competition
Home-and-Garden,6,How to See Blocked Contacts on iPhone: 4 Quick Ways,4 Easy Ways to Find Blocked Numbers and Contacts on iPhone,https://www.wikihow.com/See-Blocked-Contacts-on-iPhone
Home-and-Garden,6,Book Genre Personality Quiz: Which Genre Are You?,What Book Genre Am I?,https://www.wikihow.com/Book-Genre-Quiz
Home-and-Garden,6,Photography - how to articles from wikiHow,Photography,https://www.wikihow.com/Category:Photography
Home-and-Garden,6,Creating Games - how to articles from wikiHow,Creating Games,https://www.wikihow.com/Category:Creating-Games
Home-and-Garden,6,Dere Type Dating Simulator: Find Your Perfect Match,Dere Type Dating Simulator: Find Your Perfect Match,https://www.wikihow.com/Dere-Type-Dating-Simulator
Home-and-Garden,6,Wrestling Moves - how to articles from wikiHow,Wrestling Moves,https://www.wikihow.com/Category:Wrestling-Moves
Home-and-Garden,6,How to Eat In Class (with Pictures),How to Eat In Class,https://www.wikihow.com/Eat-In-Class
Home-and-Garden,6,Spotify Liked Songs Not Updating? Try These 12 Fixes,How to Fix Spotify's Liked Songs Playlist Not Syncing,https://www.wikihow.com/Spotify-Liked-Songs-Not-Updating
Home-and-Garden,6,Multiple Intelligence Analyzer: Find Your Strengths,Multiple Intelligence Test,https://www.wikihow.com/Generator/Multiple-Intelligence-Test
Home-and-Garden,6,WLW Rizz: Sapphic Pickup Lines & Dating Tips,75+ WLW Pick Up Lines to Rizz Up Any Woman,https://www.wikihow.com/Wlw-Rizz
Home-and-Garden,6,Clothes by Type - how to articles from wikiHow,Clothes by Type,https://www.wikihow.com/Category:Clothes-by-Type
Home-and-Garden,6,25+ Most Valuable Garbage Pail Kids Cards,25+ Most Valuable Garbage Pail Kids Cards,https://www.wikihow.com/Garbage-Pail-Kids-Cards-Value
Home-and-Garden,6,What Album Are You Based on Your Personality? - Music,What Album Am I?,https://www.wikihow.com/Generator/What-Album-Are-You-Analyzer
Home-and-Garden,6,Nasal Congestion - how to articles from wikiHow,Nasal Congestion,https://www.wikihow.com/Category:Nasal-Congestion
Home-and-Garden,6,Street Dance - how to articles from wikiHow,Street Dance,https://www.wikihow.com/Category:Street-Dance
Home-and-Garden,6,40+ Large Group Party Games to Entertain Lots of People,40+ Fun & Exciting Group Game Ideas to Play with 20+ People,https://www.wikihow.com/Party-Games-for-Large-Groups
Home-and-Garden,6,Yarn and Thread - how to articles from wikiHow,Yarn and Thread,https://www.wikihow.com/Category:Yarn-and-Thread
Home-and-Garden,6,Top or Bottom Quiz: Find Your Role Personality,Am I a Top or a Bottom Personality?,https://www.wikihow.com/Top-or-Bottom-Quiz
Home-and-Garden,6,"230+ Pictionary Ideas: Easy, Medium & Hard Categories",230+ Fun Pictionary Word Ideas,https://www.wikihow.com/Pictionary-Ideas
Home-and-Garden,6,Simple Ways to Add a User to a Group on Windows,Simple Ways to Add a User to a Group on Windows,https://www.wikihow.com/Add-a-User-to-a-Group-on-Windows
Home-and-Garden,6,Forgiveness - how to articles from wikiHow,Forgiveness,https://www.wikihow.com/Category:Forgiveness
Home-and-Garden,6,Gastroesophageal Reflux Disease (Acid Reflux),Gastroesophageal Reflux Disease (Acid Reflux),https://www.wikihow.com/Category:Gastroesophageal-Reflux-Disease-(Acid-Reflux)
Home-and-Garden,6,Which Care Bear Am I? Personality Quiz,Which Care Bear Fits My Personality?,https://www.wikihow.com/What-Care-Bear-Am-I
Home-and-Garden,6,Duct Tape Crafts - how to articles from wikiHow,Duct Tape Crafts,https://www.wikihow.com/Category:Duct-Tape-Crafts
Home-and-Garden,6,How to Stop Skipping Class: 8 Steps (with Pictures),How to Stop Skipping Class,https://www.wikihow.com/Stop-Skipping-Class
Home-and-Garden,6,Nerd or Mean Girl Personality Quiz: Which One Are You?,Am I More of a Nerd or a Mean Girl?,https://www.wikihow.com/Nerd-or-Mean-Girls-Quiz
Home-and-Garden,6,Graduation - how to articles from wikiHow,Graduation,https://www.wikihow.com/Category:Graduation
Home-and-Garden,6,How to Get Skill Points in Sailor Piece: Complete Guide,How to Unlock and Earn Skill Points Fast for Sailor Piece,https://www.wikihow.com/Get-Skill-Points-in-Sailor-Piece
Home-and-Garden,6,How to Put a Friend or Relative Out of Your House,How to Get a Friend or Family Member to Move Out,https://www.wikihow.com/Put-a-Friend-or-Relative-out-of-Your-House
Home-and-Garden,6,How to Add Widgets on Android: 5 Steps (with Pictures),How to Add Widgets on Android,https://www.wikihow.com/Add-Widgets-on-Android
Home-and-Garden,6,First Aid and Emergency Health Care,First Aid and Emergency Health Care,https://www.wikihow.com/Category:First-Aid-and-Emergency-Health-Care
Home-and-Garden,6,130+ Common Latino Last Names & Their Meanings,130+ Popular Latino Last Names + What They Mean,https://www.wikihow.com/Latino-Last-Names
Home-and-Garden,6,575+ Adopt Me Pet Names to Inspire You,575+ Adopt Me Pet Names to Inspire You,https://www.wikihow.com/Adopt-Me-Names
Home-and-Garden,6,Making Money - how to articles from wikiHow,Making Money,https://www.wikihow.com/Category:Making-Money
Home-and-Garden,6,Fire Emergencies - how to articles from wikiHow,Fire Emergencies,https://www.wikihow.com/Category:Fire-Emergencies
Home-and-Garden,6,How to Create a Group Chat in Viber for Smartphones,How to Create a Group Chat in Viber for Smartphones,https://www.wikihow.com/Create-a-Group-Chat-in-Viber-for-Smartphones
Home-and-Garden,6,Windows 11 Search Bar Not Working? Here's How to Fix It,7 Simple Solutions to Troubleshoot a Broken Windows Search Bar,https://www.wikihow.com/Windows-Search-Bar-Not-Working-Windows-11
Home-and-Garden,6,3 Ways to Open a Day Care Center,How to Open a Day Care Center,https://www.wikihow.com/Open-a-Day-Care-Center
Home-and-Garden,6,Solo Cup Measurements: Are They Really for Alcohol?,Do Solo Cup Measuring Lines Exist? Debunking the Myth,https://www.wikihow.com/Solo-Cup-Measurements
Home-and-Garden,6,60+ Thank You Messages for After a Party or Celebration,60+ Thank You Messages for After a Party or Celebration,https://www.wikihow.com/Thank-You-for-Coming-to-My-Party
Home-and-Garden,6,Alpha Beta Omega Test: Find Your Place in the Omegaverse,"Am I an Alpha, Beta, or Omega?",https://www.wikihow.com/Alpha-Beta-Omega-Test
Home-and-Garden,6,Book Fandom - how to articles from wikiHow,Book Fandom,https://www.wikihow.com/Category:Book-Fandom
Home-and-Garden,6,What Would You Go to Jail for Quiz: Find Out Now!,What Would I Go to Jail For?,https://www.wikihow.com/What-Would-You-Go-to-Jail-for-Quiz
Home-and-Garden,6,How to Delete Roblox Messages in My Inbox: Easy Guide,How to Delete Roblox Chat History + Easy Workaround,https://www.wikihow.com/Delete-Roblox-Messages
Home-and-Garden,6,Jujutsu Kaisen Cursed Technique Generator,Jujutsu Kaisen Cursed Technique Generator,https://www.wikihow.com/Generator/Jjk-Cursed-Technique-Generator
Home-and-Garden,6,Ballet - how to articles from wikiHow,Ballet,https://www.wikihow.com/Category:Ballet
Home-and-Garden,6,How to Comment with Pictures on TikTok (And Why Some ...,How to Comment with Pictures on TikTok (And Why Some Can't),https://www.wikihow.com/Post-Picture-in-Comments
Home-and-Garden,6,How to Watch Bunny Girl Senpai in Order,The Best Way to Watch Rascal Does Not Dream in Order,https://www.wikihow.com/Bunny-Girl-Senpai-Order-to-Watch
Home-and-Garden,6,Jujutsu High Mission Assignment Generator,Jujutsu High Mission Assignment Generator,https://www.wikihow.com/Generator/Jujutsu-High-Mission-Assignment-Generator
Home-and-Garden,6,Dere Types Test,What Type of Dere Am I?,https://www.wikihow.com/Dere-Types
Home-and-Garden,6,3 Effective Ways to Graft Plants Together - wikiHow,3 Effective Ways to Graft Plants Together,https://www.wikihow.com/Graft-Plants
Home-and-Garden,6,How to Grow Water Lilies: A Step-by-Step Guide - wikiHow,"Growing Water Lilies: Care, Planting, and Blooming",https://www.wikihow.com/Grow-Water-Lilies
Home-and-Garden,6,"How to Plant, Grow, & Harvest Your Own Garlic at Home","How to Plant, Grow, & Harvest Your Own Garlic at Home",https://www.wikihow.com/Grow-Garlic
Home-and-Garden,6,28 Ways to Save the Environment at Home,How to Save the Environment at Home,https://www.wikihow.com/Save-the-Environment-at-Home
Home-and-Garden,6,How to Remove Ants from Potted Plants: 9 Effective Ways,How to Get Rid of Ant Nests in Potted Plants,https://www.wikihow.com/Remove-Ants-from-Potted-Plants
Home-and-Garden,6,Expert Advice to Get Rid of Snails in Your Garden or Yard,Expert Advice to Get Rid of Snails in Your Garden or Yard,https://www.wikihow.com/Get-Rid-of-Snails
Home-and-Garden,6,How to Grow Long Stem Roses at Home (with Pictures),How to Grow Long Stem Roses at Home,https://www.wikihow.com/Grow-Long-Stem-Roses-at-Home
Home-and-Garden,6,How to Water Plants While You're Away: 7 Simple Ways,7 Ways to Water Your Plants While You're on Vacation,https://www.wikihow.com/Water-Plants-While-You%27re-Away
Home-and-Garden,6,How to Make Your House Look Luxurious on a Tight Budget,Easy Tips & Tricks to Make Your Home Look More Expensive on a Budget,https://www.wikihow.com/Make-Your-House-Look-Luxurious-on-a-Tight-Budget
Home-and-Garden,6,Simple Ways to Get Rid of Morning Glories: 12 Steps,How to Get Rid of Morning Glories,https://www.wikihow.com/Get-Rid-of-Morning-Glories
Home-and-Garden,6,How to Repel Monkeys from Residential Areas - wikiHow,How to Scare Monkeys Away from Your Home or Yard,https://www.wikihow.com/Repel-Monkeys-from-Residential-Areas
Home-and-Garden,6,Video: Where can I donate extra food from my home garden?,Video: Where can I donate extra food from my home garden?,https://www.wikihow.com/Expert-Donate-Food-from-Home-Garden
Home-and-Garden,6,How to Get Rid of Frogs: 14 Effective Ways,How to Remove Frogs from Your Home or Garden,https://www.wikihow.com/Get-Rid-of-Frogs
Home-and-Garden,6,4 Ways to Make Rosewater,How to Make Rosewater,https://www.wikihow.com/Make-Rosewater
Home-and-Garden,6,3 Ways to Research the History of Your House,How to Research the History of Your House,https://www.wikihow.com/Research-the-History-of-Your-House
Home-and-Garden,6,wikiHow Expert Co-author: Diane Henkler,Diane Henkler,https://www.wikihow.com/Author/Diane-Henkler
Home-and-Garden,6,"What are the easiest plants for an at-home, edible garden?","Video: What are the easiest plants for an at-home, edible garden?",https://www.wikihow.com/Expert-Easy-Plants-At-Home-Edible-Garden
Home-and-Garden,6,wikiHow Expert Co-author: Marissa Fidler,Marissa Fidler,https://www.wikihow.com/Author/Marissa-Fidler
Home-and-Garden,6,White Spots on Plants: Causes & Getting Rid of Powdery ...,White Spots on Plants: Causes & Getting Rid of Powdery Mildew,https://www.wikihow.com/Why-Does-Your-Plant-Have-White-Spots
Home-and-Garden,6,Quick How-to Videos,Quick How-To Videos,https://www.wikihow.com/Video
Home-and-Garden,6,Nissa-Lynn Parson,Nissa-Lynn Parson,https://www.wikihow.com/Author/Nissa-Lynn-Parson
Home-and-Garden,6,"Fun Quizzes on Love, Friendship and More",wikiHow Quizzes,https://www.wikihow.com/Quizzes
Home-and-Garden,6,5 Ways to Learn to Dance at Home,How to Learn to Dance at Home,https://www.wikihow.com/Learn-to-Dance-at-Home
Home-and-Garden,6,Sharing YouTube Videos - how to articles from wikiHow,Sharing YouTube Videos,https://www.wikihow.com/Category:Sharing-YouTube-Videos
Home-and-Garden,6,21+ Good Excuses to Work from Home (with Examples),The 21+ Best Excuses to Use When You Want to Work from Home,https://www.wikihow.com/Excuses-to-Work-from-Home
Home-and-Garden,6,How to Grow Saffron: 13 Steps (with Pictures),How to Grow Saffron,https://www.wikihow.com/Grow-Saffron
Home-and-Garden,6,What's My Greatest Strength? Take This Quiz to Find Out,Greatest Strength Quiz,https://www.wikihow.com/Greatest-Strength-Quiz
Home-and-Garden,6,Calculating Volume and Area - how to articles from wikiHow,Calculating Volume and Area,https://www.wikihow.com/Category:Calculating-Volume-and-Area
Home-and-Garden,6,Working from Home - how to articles from wikiHow,Working from Home,https://www.wikihow.com/Category:Working-from-Home
Home-and-Garden,6,How to Plant a Tree: 14 Steps (with Pictures),How to Plant a Tree,https://www.wikihow.com/Plant-a-Tree
Home-and-Garden,6,Improving Your Study Focus - how to articles from wikiHow,Improving Your Study Focus,https://www.wikihow.com/Category:Improving-Your-Study-Focus
Home-and-Garden,6,How to Find a Housekeeper: Expert Tips for Success,How to Find a Part-Time or Full-Time House Cleaner Near You,https://www.wikihow.com/Find-a-Housekeeper
Home-and-Garden,6,3 Easy Ways to Detect Hidden Cameras and Microphones,How to Detect Hidden Cameras and Microphones,https://www.wikihow.com/Detect-Hidden-Cameras-and-Microphones
Home-and-Garden,6,How to Build a Rainwater Collection System: 13 Steps,How to Build a Rainwater Collection System,https://www.wikihow.com/Build-a-Rainwater-Collection-System
Home-and-Garden,6,IP Addresses - how to articles from wikiHow,IP Addresses,https://www.wikihow.com/Category:IP-Addresses
Home-and-Garden,6,How to Check Blood Pressure with No Cuff,How to Check Blood Pressure with No Cuff,https://www.wikihow.com/Check-Blood-Pressure-with-No-Cuff
Home-and-Garden,6,Chat Websites - how to articles from wikiHow,Chat Websites,https://www.wikihow.com/Category:Chat-Websites
Home-and-Garden,6,Animal Paper Art and Craft - how to articles from wikiHow,Animal Paper Art and Craft,https://www.wikihow.com/Category:Animal-Paper-Art-and-Craft
Home-and-Garden,6,How to Apply Urea Fertilizer: 14 Steps (with Pictures),How to Apply Urea Fertilizer,https://www.wikihow.com/Apply-Urea-Fertilizer
Home-and-Garden,6,How to Fake Cry: 10 Steps (with Pictures),How to Fake Cry,https://www.wikihow.com/Fake-Cry
Home-and-Garden,6,How to Make Glow Sticks Glow Again: 8 Steps (with Pictures),How to Make Glow Sticks Glow Again,https://www.wikihow.com/Make-Glow-Sticks-Glow-Again
Home-and-Garden,6,Colors that Go with Yellow: Combos for Home and Style,What Colors Go with Yellow? A Guide to Complementary Hues,https://www.wikihow.com/Colors-That-Go-with-Yellow
Home-and-Garden,6,Business by Industry - how to articles from wikiHow,Business by Industry,https://www.wikihow.com/Category:Business-by-Industry
Home-and-Garden,6,Country Music - how to articles from wikiHow,Country Music,https://www.wikihow.com/Category:Country-Music
Home-and-Garden,6,How to Make an Areca Palm Grow Faster,How to Make an Areca Palm Grow Faster,https://www.wikihow.com/Make-an-Areca-Palm-Grow-Faster
Home-and-Garden,6,Metal Drill Bit vs Wood: Identification and Usage Guide,How to Tell Wood and Metal Drill Bits Apart,https://www.wikihow.com/Metal-Drill-Bit-vs-Wood
Home-and-Garden,6,3 Ways to Make Rose Tea,How to Make Rose Tea,https://www.wikihow.com/Make-Rose-Tea
Home-and-Garden,6,I'm so gassy. What are some home remedies to get rid of ...,I'm so gassy. What are some home remedies to get rid of gas fast?,https://www.wikihow.com/Forum/Discussion-Im-So-Gassy-What-Are-Some-Home-Remedies-to-Get-Rid-of-Gas-Fast
Home-and-Garden,6,Central Processing Unit (CPU) - how to articles from wikiHow,Central Processing Unit (CPU),https://www.wikihow.com/Category:Central-Processing-Unit-(CPU)
Home-and-Garden,6,Frizzy Hair - how to articles from wikiHow,Frizzy Hair,https://www.wikihow.com/Category:Frizzy-Hair
Home-and-Garden,6,Can LED Lights Grow Plants? Regular LED ... - wikiHow,Can LED Lights Grow Plants? Regular LED Lights vs. Grow Lights,https://www.wikihow.com/Can-LED-Lights-Grow-Plants
Home-and-Garden,6,Artwork Care and Maintenance - how to articles from wikiHow,Artwork Care and Maintenance,https://www.wikihow.com/Category:Artwork-Care-and-Maintenance
Home-and-Garden,6,How to Sketch Fashion Designs: 5 Steps (with Pictures),How to Sketch Fashion Designs,https://www.wikihow.com/Sketch-Fashion-Designs
Home-and-Garden,6,Introducing People - how to articles from wikiHow,Introducing People,https://www.wikihow.com/Category:Introducing-People
Home-and-Garden,6,Oil Painting - how to articles from wikiHow,Oil Painting,https://www.wikihow.com/Category:Oil-Painting
Home-and-Garden,6,How to Easily Plant & Grow Your Own Sugar Cane At Home,How to Grow Sugar Cane: Step-by-Step Guide for Beginners,https://www.wikihow.com/Plant-Sugar-Cane
Home-and-Garden,6,How to Gain Weight Fast (for Men): 14 Steps (with Pictures),How to Gain Weight Fast (for Men),https://www.wikihow.com/Gain-Weight-Fast-(for-Men)
Home-and-Garden,6,"How to Plant, Grow & Care for Banana Trees in Pots","How to Plant, Grow & Care for Banana Trees in Pots",https://www.wikihow.com/Grow-Banana-Trees-in-Containers
Home-and-Garden,6,How to Care for a Spider Plant: 12 Steps (with Pictures),How to Care for a Spider Plant,https://www.wikihow.com/Care-for-a-Spider-Plant
Home-and-Garden,6,How to Perform the Shiva Abhishekam Procedure at Home,How to Perform the Shiva Abhishekam Procedure at Home,https://www.wikihow.com/Perform-Shiva-Abhishekam-at-Home
Home-and-Garden,6,How to Fix a Black Screen of Death on Your Phone,How to Fix a Black Screen of Death on Your Phone,https://www.wikihow.com/My-Phone-Screen-Is-Black-but-the-Phone-Is-on
Home-and-Garden,6,How to Build a House (with Pictures),How to Build a House,https://www.wikihow.com/Build-a-House
Home-and-Garden,6,Video: How to Start a Flower Garden,How to Start a Flower Garden,https://www.wikihow.com/Video/Start-a-Flower-Garden
Home-and-Garden,6,How to Create a Whimsical Garden (with Pictures),How to Create a Whimsical Garden,https://www.wikihow.com/Create-a-Whimsical-Garden
Home-and-Garden,6,How Rare Is Your Birthday?,How Rare Is My Birthday?,https://www.wikihow.com/How-Rare-Is-My-Birthday-Quiz
Home-and-Garden,6,4 Easy Ways to Design a Backyard,How to Design a Backyard,https://www.wikihow.com/Design-a-Backyard
Home-and-Garden,6,How to Make a Frog Home in a Garden,How to Make a Frog Home in a Garden,https://www.wikihow.com/Make-a-Frog-Home-in-a-Garden
Home-and-Garden,6,How to Make a Living Wall: 14 Steps (with Pictures),How to Make a Living Wall,https://www.wikihow.com/Make-a-Living-Wall
Home-and-Garden,6,How to Make Rice Paper: 9 Steps (with Pictures),How to Make Rice Paper,https://www.wikihow.com/Make-Rice-Paper
Home-and-Garden,6,How to Use Forest Productivity App (with Pictures),How to Use Forest Productivity App,https://www.wikihow.com/Use-Forest-Productivity-App
Home-and-Garden,6,How to Ascend Fast in Grow a Garden on Roblox,How to Ascend Fast in Grow a Garden on Roblox,https://www.wikihow.com/Rebirth-in-Grow-a-Garden
Home-and-Garden,6,How to Plant Roses (with Pictures),How to Plant Roses,https://www.wikihow.com/Plant-Roses
Home-and-Garden,6,How to Be Kind to Your Sister (with Pictures),How to Be Kind to Your Sister,https://www.wikihow.com/Be-Kind-to-Your-Sister
Home-and-Garden,6,How to Open a Locked Door Without a Key: 6 Easy Methods,How to Unlock a Door Without a Key,https://www.wikihow.com/Open-a-Locked-Door
Home-and-Garden,6,3 Ways to Get Rid of Aphids on Roses Organically,How to Get Rid of Aphids on Roses Organically,https://www.wikihow.com/Get-Rid-of-Aphids-on-Roses-Organically
Home-and-Garden,6,Nurturing Talent - how to articles from wikiHow,Nurturing Talent,https://www.wikihow.com/Category:Nurturing-Talent
Home-and-Garden,6,How to Get Rid of Roaches & Prevent Infestations,How to Get Rid of Cockroaches in Your Home,https://www.wikihow.com/Get-Rid-of-Roaches
Home-and-Garden,6,"How to Grow Geraniums: Planting, Fertilizing, and More",How to Grow and Care for Geraniums,https://www.wikihow.com/Grow-Geraniums
Home-and-Garden,6,How to Kill Ferns: 11 Steps (with Pictures),How to Kill Ferns,https://www.wikihow.com/Kill-Ferns
Home-and-Garden,6,House Painting - how to articles from wikiHow,House Painting,https://www.wikihow.com/Category:House-Painting
Home-and-Garden,6,How to Bind a Book: 4 Cheap and Simple DIY Methods,Bind Your Own Book at Home: A Beginner's Guide,https://www.wikihow.com/Bind-a-Book
Home-and-Garden,6,How to Clean a Yoga Mat: 11 Steps (with Pictures),How to Clean a Yoga Mat,https://www.wikihow.com/Clean-a-Yoga-Mat
Home-and-Garden,6,How to Grow Onions: 10 Steps (with Pictures),How to Grow Onions,https://www.wikihow.com/Grow-Onions
Home-and-Garden,6,How to Enjoy Spring: 12 Steps (with Pictures),How to Enjoy Spring,https://www.wikihow.com/Enjoy-Spring
Home-and-Garden,6,How to Give a Presentation with Ease: 8 Effective Tips,How to Prepare and Deliver a Speech or Presentation,https://www.wikihow.com/Give-a-Presentation
Home-and-Garden,6,How to Grow a Jade Plant: A Complete Care Guide,How to Grow Jade Plants at Home: Propagation & Repotting,https://www.wikihow.com/Grow-a-Jade-Plant
Home-and-Garden,6,How to Grow Parsley from Cuttings: 13 Steps (with Pictures),How to Grow Parsley from Cuttings,https://www.wikihow.com/Grow-Parsley-from-Cuttings
Home-and-Garden,6,How to Shop for Speakers: Complete Buying Guide,A Beginner's Guide to Shopping for Home Speakers,https://www.wikihow.com/Shop-for-Speakers
Home-and-Garden,6,How to Fertilize Soil With Eggshells (with Pictures),How to Fertilize Soil With Eggshells,https://www.wikihow.com/Fertilize-Soil-With-Eggshells
Home-and-Garden,6,How to Protect Your Home: 16 Tips from Security Experts,How to Protect Your Home: 16 Tips from Security Experts,https://www.wikihow.com/Secure-Your-Home
Home-and-Garden,6,How to Make a Cardboard Box: Simple DIY Tutorial,How to Make a Box Out of Cardboard,https://www.wikihow.com/Make-a-Cardboard-Box
Home-and-Garden,6,Google Earth - how to articles from wikiHow,Google Earth,https://www.wikihow.com/Category:Google-Earth
Home-and-Garden,6,How to Increase Amniotic Fluid During Pregnancy,How to Increase Amniotic Fluid,https://www.wikihow.com/Increase-Amniotic-Fluid
Home-and-Garden,6,How to Ignore Hunger: 13 Simple Strategies,How to Ignore Hunger,https://www.wikihow.com/Ignore-Hunger
Home-and-Garden,6,How to Remove Chest Hair (with Pictures),How to Remove Chest Hair,https://www.wikihow.com/Remove-Chest-Hair
Home-and-Garden,6,How to Trim or Cut Roses from a Bush,How to Trim or Cut Roses from a Bush,https://www.wikihow.com/Cut-Roses
Home-and-Garden,6,7 Easy Methods to Unhide Hidden Apps on iPhone,7 Easy Methods to Unhide Hidden Apps on iPhone,https://www.wikihow.com/Unhide-Apps-on-iPhone
Home-and-Garden,6,"How to Drink Bacardi: Straight, Mixed, & More","How to Drink Bacardi: Straight, Mixed, & More",https://www.wikihow.com/Drink-Bacardi
Home-and-Garden,6,How to Take an Accurate Soil Sample: 8 Steps (with Pictures),How to Take an Accurate Soil Sample,https://www.wikihow.com/Take-an-Accurate-Soil-Sample
Home-and-Garden,6,How to Grow a Rose Bush from a Single Stem or Cutting,How to Grow a Rose Bush from a Single Stem or Cutting,https://www.wikihow.com/Grow-a-Rose-Bush-from-a-Single-Stem-or-Cutting
Home-and-Garden,6,How to Create an Indoor Box Turtle Habitat (with Pictures),How to Create an Indoor Box Turtle Habitat,https://www.wikihow.com/Create-an-Indoor-Box-Turtle-Habitat
Home-and-Garden,6,How to Add a Website Shortcut to Home Screen on iPhone,How to Add a Link Button to the Home Screen of an iPhone,https://www.wikihow.com/Add-a-Link-Button-to-the-Home-Screen-of-an-iPhone
Home-and-Garden,6,How to Park Your Car in 3 Kinds of Parking Spots,How to Park Your Car in 3 Kinds of Parking Spots,https://www.wikihow.com/Park-in-a-Parking-Lot
Home-and-Garden,6,Laptop Won't Turn On? Expert Troubleshooting Guide + Fixes,What to Do If Your Laptop Won't Turn On (14 Easy Fixes),https://www.wikihow.com/Laptop-Won%27t-Turn-on
Home-and-Garden,6,How to Build a Backyard Pond: 14 Steps (with Pictures),How to Build a Backyard Pond,https://www.wikihow.com/Build-a-Backyard-Pond
Home-and-Garden,6,How to Save PowerPoint Slides as High-Resolution Images,How to Save Your PowerPoint Slides as High-Resolution Images,https://www.wikihow.com/Save-Your-PowerPoint-Slides-As-High-Resolution-Images
Home-and-Garden,6,How to Open File Explorer: 6 Steps (with Pictures),How to Open File Explorer,https://www.wikihow.com/Open-File-Explorer
Home-and-Garden,6,How to Care for Boston Ferns: 10 Steps (with Pictures),How to Care for Boston Ferns,https://www.wikihow.com/Care-for-Boston-Ferns
Home-and-Garden,6,What Is Phrogging? Protect Your Home from Secret Guests,Phrogging: How to Tell If Someone Is Living In Your Home,https://www.wikihow.com/Phrogging-Meaning
Home-and-Garden,6,How to Use Bleach to Test the Purity of Gold,How to Use Bleach to Test the Purity of Gold,https://www.wikihow.com/Tell-if-Gold-Is-Real-with-Bleach
Home-and-Garden,6,wikiHow Expert Co-author: Steve Masley,Steve Masley,https://www.wikihow.com/Author/Steve-Masley
Home-and-Garden,6,How to Dig a Swale for Irrigation and Runoff Management,How to Create a Swale: Where to Place It & Why It Works,https://www.wikihow.com/Dig-Swales
Home-and-Garden,6,How to Cope When Things Don't Go as Planned,How to Cope When Things Don’t Go as Planned,https://www.wikihow.com/Adjust-when-Things-Don%27t-Go-to-Plan
Home-and-Garden,6,11 Simple Ways to Fix Scratched Glasses with Coating,How to Fix Scratched Glasses with Coating,https://www.wikihow.com/Fix-Scratched-Glasses-with-Coating
Home-and-Garden,6,How to File Your Nails Like a Pro: Step-by-Step Guide,How to File Your Nails Safely and Get Perfect Results,https://www.wikihow.com/File-Your-Nails
Home-and-Garden,6,How to Plant Wheat: 13 Steps (with Pictures),How to Plant Wheat,https://www.wikihow.com/Plant-Wheat
Home-and-Garden,6,How to Clear the Cache on a PS5: Easy Step-by-Step Guide,How to Clear the Cache on a PS5 Console for Better Performance,https://www.wikihow.com/Clear-Cache-on-Ps5
Home-and-Garden,6,How to Clear a Blocked Tear Duct: Home Remedies & More,"Clearing a Blocked Tear Duct: Treatment, Causes, & Prevention",https://www.wikihow.com/Clear-a-Blocked-Tear-Duct
Home-and-Garden,6,Grow a Garden Mutations: How to Find & Combine Them All,How to Unlock Every Mutation in Grow a Garden: Complete List,https://www.wikihow.com/Grow-a-Garden-Mutations
Unknown,-1,How to Pull Weeds (with Pictures),How to Pull Weeds,https://www.wikihow.com/Pull-Weeds
Unknown,-1,How to Level Dirt: 14 Steps (with Pictures),How to Level Dirt,https://www.wikihow.com/Level-Dirt
Unknown,-1,How to Germinate Orange Seeds: 11 Steps (with Pictures),How to Germinate Orange Seeds,https://www.wikihow.com/Germinate-Orange-Seeds
Unknown,-1,How to Care for a Lemon Tree: 15 Steps (with Pictures),How to Care for a Lemon Tree,https://www.wikihow.com/Care-for-a-Lemon-Tree
Unknown,-1,How to Grow Grass Between Pavers: 12 Steps (with Pictures),How to Grow Grass Between Pavers,https://www.wikihow.com/Grow-Grass-Between-Pavers
Unknown,-1,How to Use Coffee Grounds in Your Garden,How to Use Coffee Grounds in Your Garden,https://www.wikihow.com/Use-Coffee-Grounds-in-Your-Garden
Unknown,-1,How to Overseed a Lawn: 14 Steps (with Pictures),How to Overseed a Lawn,https://www.wikihow.com/Overseed-a-Lawn
Unknown,-1,How to Become a Farmer Without Experience: 14 Steps,How to Become a Farmer Without Experience,https://www.wikihow.com/Become-a-Farmer-Without-Experience
Unknown,-1,How to Keep Your Neighborhood Clean: 15 Best Ways,15 Ways to Keep Your Neighborhood Looking Its Best,https://www.wikihow.com/Keep-Your-Neighborhood-Clean
Unknown,-1,How to Make Money Through Chores,How to Make Money Through Chores,https://www.wikihow.com/Make-Money-Through-Chores
Unknown,-1,Easy Ways to Increase Water Pressure in a Garden Hose,How to Increase Water Pressure in a Garden Hose,https://www.wikihow.com/Increase-Water-Pressure-in-a-Garden-Hose
Unknown,-1,17 Ways to Pass Time at Home,How to Pass Time at Home,https://www.wikihow.com/Pass-Time-at-Home
Unknown,-1,3 Ways to Increase Water Pressure for Sprinklers,How to Increase Water Pressure for Sprinklers,https://www.wikihow.com/Increase-Water-Pressure-for-Sprinklers
Unknown,-1,19 Fun & Romantic Things to Do with Your Girlfriend at Home,19 Fun & Romantic Things to Do with Your Girlfriend at Home,https://www.wikihow.com/What-Are-Fun-Things-to-Do-with-Your-Girlfriend-at-Home
Unknown,-1,44 Things to Do Alone When You're Bored,Fun Things to Do Alone at Home or Elsewhere,https://www.wikihow.com/Things-to-Do-Alone
Unknown,-1,How to Help Your Busy Mother Out around the House,15 Ways to Help Your Busy Mother Out around the House,https://www.wikihow.com/Help-Your-Busy-Mother-Out-Around-the-House
Unknown,-1,18 Ways to Earn 100 Dollars in One Week (for Kids),How to Earn 100 Dollars in One Week or Sooner (for Kids),https://www.wikihow.com/Earn-100-Dollars-in-One-Week-(for-Kids)
Unknown,-1,55+ Fun Things To Do When You're Bored,What to Do When You’re Bored,https://www.wikihow.com/Do-Something-when-You%27re-Bored
Unknown,-1,How to Start a Landscaping Business (with Pictures),How to Start a Landscaping Business,https://www.wikihow.com/Start-a-Landscaping-Business
Unknown,-1,How to Spend the Weekend Doing Something Productive,How to Spend the Weekend Doing Something Productive,https://m.wikihow.com/Spend-the-Weekend-Doing-Something-Productive?open_ccpa=1
Unknown,-1,How to Earn Extra Income for Housewives,How to Earn Extra Income for Housewives,https://www.wikihow.com/Earn-Extra-Income-for-Housewives
Unknown,-1,5 Ways to Care for Yourself While Caring for Others,How to Care for Yourself While Caring for Others,https://wikihow.com/Care-for-Yourself-While-Caring-for-Others
Unknown,-1,How to Celebrate Mother's Day: 60 Fun & Thoughtful Ideas,The 60 Best Mother's Day Ideas,https://www.wikihow.com/Celebrate-Mother%27s-Day
Unknown,-1,How to Get Fit at Home for Total Beginners,How to Get Fit at Home for Beginners: Best Exercises & Diet Tips,https://www.wikihow.com/Get-Fit-at-Home
Unknown,-1,How to Take Care of Your Hands: 11 Steps (with Pictures),How to Take Care of Your Hands,https://www.wikihow.com/Take-Care-of-Your-Hands
Unknown,-1,3 Ways to Live a Simple and Peaceful Life,How to Live a Simple and Peaceful Life,https://www.wikihow.com/Live-a-Simple-and-Peaceful-Life
Unknown,-1,3 Ways to Get Children Interested in Conservation,How to Get Children Interested in Conservation,https://www.wikihow.com/Get-Children-Interested-in-Conservation
Unknown,-1,How to Start a Flower Shop: 13 Steps (with Pictures),How to Start a Flower Shop,https://www.wikihow.com/Start-a-Flower-Shop
Unknown,-1,5 Ways to Overcome Boredom,How to Overcome Boredom,https://www.wikihow.com/Overcome-Boredom
Unknown,-1,5 Ways to Be Self Reliant,How to Be Self Reliant,https://www.wikihow.com/Be-Self-Reliant
Unknown,-1,How to Be Consistent & Set Routines in Your Daily Life,How to Be Consistent & Set Routines in Your Daily Life,https://www.wikihow.com/Be-Consistent
Unknown,-1,How to Live in the Wilderness (with Pictures),How to Live in the Wilderness,https://www.wikihow.com/Live-in-the-Wilderness
Unknown,-1,4 Ways to Help Senior Citizens,How to Help Senior Citizens,https://www.wikihow.com/Help-Senior-Citizens
Unknown,-1,How to Make Your Hands Soft Like a Baby,How to Make Your Hands Soft Like a Baby,https://www.wikihow.com/Make-Your-Hands-Soft-Like-a-Baby
Unknown,-1,How to Become an Introvert: 13 Steps (with Pictures),How to Become an Introvert,https://www.wikihow.com/Become-an-Introvert
Unknown,-1,How to Get Adult Kids to Pay Their Share,How to Get Adult Kids to Pay Their Share,https://www.wikihow.com/Get-Adult-Kids-to-Pay-Their-Share
Unknown,-1,How to Avoid Being Bored When You Have Nothing to Do,How to Avoid Being Bored When You Have Nothing to Do,https://www.wikihow.com/Avoid-Being-Bored-When-You-Have-Nothing-to-Do
Unknown,-1,4 Ways to Make Money (for Kids),How to Make Money (for Kids),https://www.wikihow.com/Make-Money-(for-Kids)
Unknown,-1,3 Ways to Exercise the Right Side of Your Brain,How to Exercise the Right Side of Your Brain,https://www.wikihow.com/Exercise-the-Right-Side-of-Your-Brain
Unknown,-1,How to Cope When Your Spouse Is Away: A Survival Guide,Caring for Yourself (& Your Home) While Your Partner Is Gone,https://www.wikihow.com/Cope-when-Your-Spouse-Is-Away
Unknown,-1,"Treating Paronychia at Home: Self-Care, Causes, & More","Treating Paronychia at Home: Self-Care, Causes, & More",https://www.wikihow.com/Treat-Paronychia
Unknown,-1,How to Be Happy Alone: 19 Tips That Work,How to Be Okay With Being Alone,https://www.wikihow.com/Be-Happy-Even-when-Alone
Unknown,-1,How to Slow Down Time: 12 Steps (with Pictures),How to Slow Down Time,https://www.wikihow.com/Slow-Down-Time
Unknown,-1,How to Repot a Plant,,https://www.wikihow.com/Repot-a-Plant
Unknown,-1,3 Ways to Make a Herbarium,,https://www.wikihow.com/Make-a-Herbarium
Unknown,-1,How to Plant Pine Trees,,https://www.wikihow.com/Plant-Pine-Trees
Unknown,-1,How to Grow Dahlias in Pots,,https://www.wikihow.com/Grow-Dahlias-in-Pots
Unknown,-1,How to Make Concrete Flower Pots,,https://www.wikihow.com/Make-Concrete-Flower-Pots
Unknown,-1,3 Ways to Grow a Lawn Easily,,https://www.wikihow.com/Grow-a-Lawn-Easily
Unknown,-1,10 Simple Ways to Get Hydrangeas to Bloom,,https://www.wikihow.com/Get-Hydrangeas-to-Bloom
Housekeeping,4,Housekeeping - how to articles from wikiHow,Housekeeping,https://www.wikihow.com/Category:Housekeeping
Housekeeping,4,How to Clean a House (with Pictures),How to Clean a House,https://www.wikihow.com/Clean-a-House
Housekeeping,4,Housekeeping Tools - how to articles from wikiHow,Housekeeping Tools,https://www.wikihow.com/Category:Housekeeping-Tools
Housekeeping,4,Cleaning - how to articles from wikiHow,Cleaning,https://www.wikihow.com/Category:Cleaning
Housekeeping,4,Bathroom Cleaning - how to articles from wikiHow,Bathroom Cleaning,https://www.wikihow.com/Category:Bathroom-Cleaning
Housekeeping,4,Bedroom Cleaning - how to articles from wikiHow,Bedroom Cleaning,https://www.wikihow.com/Category:Bedroom-Cleaning
Housekeeping,4,Cleaning Home Appliances - how to articles from wikiHow,Cleaning Home Appliances,https://www.wikihow.com/Category:Cleaning-Home-Appliances
Housekeeping,4,How to Run a Household (with Pictures),How to Run a Household,https://www.wikihow.com/Run-a-Household
Housekeeping,4,15 Basic Skills You Need to Be a Good Housekeeper,15 Basic Skills You Need to Be a Good Housekeeper,https://www.wikihow.com/What-Basic-Skills-Do-You-Need-to-Be-a-Good-Housekeeper
Housekeeping,4,Cleaning Clothes - how to articles from wikiHow,Cleaning Clothes,https://www.wikihow.com/Category:Cleaning-Clothes
Housekeeping,4,12 Ways to Be a Good Housekeeper in a Hotel,How to Be a Good Housekeeper in a Hotel,https://www.wikihow.com/Be-a-Good-Housekeeper-in-a-Hotel
Housekeeping,4,Cleaning Furniture - how to articles from wikiHow,Cleaning Furniture,https://www.wikihow.com/Category:Cleaning-Furniture
Housekeeping,4,Cleaning Drink Containers - how to articles from wikiHow,Cleaning Drink Containers,https://www.wikihow.com/Category:Cleaning-Drink-Containers
Housekeeping,4,Cleaning Refrigerators - how to articles from wikiHow,Cleaning Refrigerators,https://www.wikihow.com/Category:Cleaning-Refrigerators
Housekeeping,4,Cleaning Bed Linen - how to articles from wikiHow,Cleaning Bed Linen,https://www.wikihow.com/Category:Cleaning-Bed-Linen
Housekeeping,4,Cleaning Food - how to articles from wikiHow,Cleaning Food,https://www.wikihow.com/Category:Cleaning-Food
Housekeeping,4,Cleaning Bags - how to articles from wikiHow,Cleaning Bags,https://www.wikihow.com/Category:Cleaning-Bags
Housekeeping,4,Cleaning Washing Machines - how to articles from wikiHow,Cleaning Washing Machines,https://www.wikihow.com/Category:Cleaning-Washing-Machines
Housekeeping,4,Cleaning Cooking Appliances - how to articles from wikiHow,Cleaning Cooking Appliances,https://www.wikihow.com/Category:Cleaning-Cooking-Appliances
Housekeeping,4,Cleaning Cars - how to articles from wikiHow,Cleaning Cars,https://www.wikihow.com/Category:Cleaning-Cars
Housekeeping,4,Cleaning Cookware - how to articles from wikiHow,Cleaning Cookware,https://www.wikihow.com/Category:Cleaning-Cookware
Housekeeping,4,Cleaning Fabric - how to articles from wikiHow,Cleaning Fabric,https://www.wikihow.com/Category:Cleaning-Fabric
Housekeeping,4,Cleaning Toilets - how to articles from wikiHow,Cleaning Toilets,https://www.wikihow.com/Category:Cleaning-Toilets
Housekeeping,4,Cleaning Kitchen Appliances - how to articles from wikiHow,Cleaning Kitchen Appliances,https://www.wikihow.com/Category:Cleaning-Kitchen-Appliances
Housekeeping,4,Cleaning with Vinegar - how to articles from wikiHow,Cleaning with Vinegar,https://www.wikihow.com/Category:Cleaning-with-Vinegar
Housekeeping,4,Cleaning Toys - how to articles from wikiHow,Cleaning Toys,https://www.wikihow.com/Category:Cleaning-Toys
Housekeeping,4,Cleaning Wood Floors - how to articles from wikiHow,Cleaning Wood Floors,https://www.wikihow.com/Category:Cleaning-Wood-Floors
Housekeeping,4,Cleaning Dishwashers - how to articles from wikiHow,Cleaning Dishwashers,https://www.wikihow.com/Category:Cleaning-Dishwashers
Housekeeping,4,Cleaning Skin - how to articles from wikiHow,Cleaning Skin,https://www.wikihow.com/Category:Cleaning-Skin
Housekeeping,4,Cleaning Synthetic Fabric - how to articles from wikiHow,Cleaning Synthetic Fabric,https://www.wikihow.com/Category:Cleaning-Synthetic-Fabric
Housekeeping,4,Cleaning Kitchen Stoves - how to articles from wikiHow,Cleaning Kitchen Stoves,https://www.wikihow.com/Category:Cleaning-Kitchen-Stoves
Housekeeping,4,Cleaning Electronics - how to articles from wikiHow,Cleaning Electronics,https://www.wikihow.com/Category:Cleaning-Electronics
Housekeeping,4,Cleaning Mattresses - how to articles from wikiHow,Cleaning Mattresses,https://www.wikihow.com/Category:Cleaning-Mattresses
Housekeeping,4,Cleaning Leather - how to articles from wikiHow,Cleaning Leather,https://www.wikihow.com/Category:Cleaning-Leather
Housekeeping,4,Cleaning Brass - how to articles from wikiHow,Cleaning Brass,https://www.wikihow.com/Category:Cleaning-Brass
Housekeeping,4,Cleaning Wood - how to articles from wikiHow,Cleaning Wood,https://www.wikihow.com/Category:Cleaning-Wood
Housekeeping,4,Cleaning Metals - how to articles from wikiHow,Cleaning Metals,https://www.wikihow.com/Category:Cleaning-Metals
Housekeeping,4,Cleaning Carpets - how to articles from wikiHow,Cleaning Carpets,https://www.wikihow.com/Category:Cleaning-Carpets
Housekeeping,4,Cleaning Shoes - how to articles from wikiHow,Cleaning Shoes,https://www.wikihow.com/Category:Cleaning-Shoes
Housekeeping,4,Cleaning Ears - how to articles from wikiHow,Cleaning Ears,https://www.wikihow.com/Category:Cleaning-Ears
Housekeeping,4,Cleaning Plastic - how to articles from wikiHow,Cleaning Plastic,https://www.wikihow.com/Category:Cleaning-Plastic
Housekeeping,4,Cleaning Teeth - how to articles from wikiHow,Cleaning Teeth,https://www.wikihow.com/Category:Cleaning-Teeth
Housekeeping,4,Cleaning Your Computer - how to articles from wikiHow,Cleaning Your Computer,https://www.wikihow.com/Category:Cleaning-Your-Computer
Housekeeping,4,Cleaning Concrete - how to articles from wikiHow,Cleaning Concrete,https://www.wikihow.com/Category:Cleaning-Concrete
Housekeeping,4,Articles about Cleaning Gemstones and Minerals,Cleaning Gemstones and Minerals,https://www.wikihow.com/Category:Cleaning-Gemstones-and-Minerals
Housekeeping,4,Cleaning Jewelry - how to articles from wikiHow,Cleaning Jewelry,https://www.wikihow.com/Category:Cleaning-Jewelry
Housekeeping,4,Cleaning Glass - how to articles from wikiHow,Cleaning Glass,https://www.wikihow.com/Category:Cleaning-Glass
Housekeeping,4,Cleaning Aquariums - how to articles from wikiHow,Cleaning Aquariums,https://www.wikihow.com/Category:Cleaning-Aquariums
Housekeeping,4,Cleaning Car Windows - how to articles from wikiHow,Cleaning Car Windows,https://www.wikihow.com/Category:Cleaning-Car-Windows
Housekeeping,4,Cleaning Hair - how to articles from wikiHow,Cleaning Hair,https://www.wikihow.com/Category:Cleaning-Hair
Housekeeping,4,Cleaning Rugs - how to articles from wikiHow,Cleaning Rugs,https://www.wikihow.com/Category:Cleaning-Rugs
Housekeeping,4,Cleaning Sports Gear - how to articles from wikiHow,Cleaning Sports Gear,https://www.wikihow.com/Category:Cleaning-Sports-Gear
Housekeeping,4,Cleaning Eyeglasses - how to articles from wikiHow,Cleaning Eyeglasses,https://www.wikihow.com/Category:Cleaning-Eyeglasses
Housekeeping,4,Cleaning Stone - how to articles from wikiHow,Cleaning Stone,https://www.wikihow.com/Category:Cleaning-Stone
Housekeeping,4,Cleaning Copper - how to articles from wikiHow,Cleaning Copper,https://www.wikihow.com/Category:Cleaning-Copper
Housekeeping,4,Cleaning Hair Care Tools - how to articles from wikiHow,Cleaning Hair Care Tools,https://www.wikihow.com/Category:Cleaning-Hair-Care-Tools
Housekeeping,4,Cleaning Musical Instruments - how to articles from wikiHow,Cleaning Musical Instruments,https://www.wikihow.com/Category:Cleaning-Musical-Instruments
Housekeeping,4,How to Delete a WordPress Theme Completely (3 Easy Methods),How to Delete a WordPress Theme Completely (3 Easy Methods),https://www.wikihow.com/Delete-a-WordPress-Theme-Completely
Housekeeping,4,How to Find Lost Objects: 13 Proven Tips & Tricks,The Best Ways to Find Something You’ve Lost,https://www.wikihow.com/Find-Lost-Objects
Housekeeping,4,How to Wash a Motorcycle: 14 Steps (with Pictures),How to Wash a Motorcycle,https://www.wikihow.com/Wash-a-Motorcycle
Housekeeping,4,How to Clean Rubber: 8 Different Methods,"8 Ways to Cleanse Different Types of Rubber (Shoe Soles, Rubber Mats & More)",https://www.wikihow.com/Clean-Rubber
Housekeeping,4,How to Remove Oil Stains From Clothes: 4 Easy Steps,"How to Get Grease Out of Clothes: Food Stains, Black Axel Grease, & More",https://www.wikihow.com/Remove-Grease-or-Oil-Stains-from-Clothing
Housekeeping,4,How to Remove Undercarriage Rust: Cleaning & Prevention,"How to Remove Rust from an Undercarriage: Cleaning, Treating, and Preventing Rust",https://www.wikihow.com/Remove-Rust-from-Undercarriage
Housekeeping,4,How to Remove Permanent Marker from Almost Any Surface,"Removing Permanent Marker from Plastic, Metal, Fabrics, & More",https://www.wikihow.com/Remove-Permanent-Marker
Housekeeping,4,How to Clean the Inside of a Glass Bottle: The 4 Best Ways,How to Clean Out the Inside of a Glass Bottle (With or Without a Brush),https://www.wikihow.com/Clean-the-Inside-of-a-Bottle
Housekeeping,4,How to Make Rat Poison at Home: 4 Methods,How to Make Homemade Rat Poison From Household Ingredients,https://www.wikihow.com/Make-Rat-Poison
Housekeeping,4,How to Wash Clothes without a Washing Machine,How to Wash Clothes without a Washing Machine,https://www.wikihow.com/Wash-Clothes-without-a-Washing-Machine
Housekeeping,4,How to Wash Your Bike (with Pictures),How to Wash Your Bike,https://www.wikihow.com/Wash-Your-Bike
Housekeeping,4,How to Clean Windows: 10 Steps (with Pictures),How to Clean Windows,https://www.wikihow.com/Clean-Windows
Housekeeping,4,3 Simple Ways to Clean a Typewriter,How to Clean a Typewriter,https://www.wikihow.com/Clean-a-Typewriter
Housekeeping,4,How to Get White Clothes White Again: 10 Easy Tips,How to Brighten Up White Shirts and Other Garments,https://www.wikihow.com/Get-White-Clothes-White-Again
Housekeeping,4,6 Ways to Professionally Clean a House,How to Professionally Clean a House,https://www.wikihow.com/Professionally-Clean-a-House
Housekeeping,4,Easy Ways to Clean Underneath a Low Bed,How to Clean Underneath a Low Bed,https://www.wikihow.com/Clean-Underneath-a-Low-Bed
Housekeeping,4,3 Helpful Ways to Keep Dust Out of Your Computer,3 Helpful Ways to Keep Dust Out of Your Computer,https://www.wikihow.com/Keep-Dust-Out-of-The-Computer
Housekeeping,4,The Best Way to Clean a Front-Loading Washing Machine,The Best Way to Clean a Front-Loading Washing Machine,https://www.wikihow.com/Clean-a-Front-Load-Washer
Housekeeping,4,How to Make Your Own Lint Roller: 9 Steps (with Pictures),How to Make Your Own Lint Roller,https://www.wikihow.com/Make-Your-Own-Lint-Roller
Housekeeping,4,How to Clean Your Room: Easy Steps,The Easiest Way to Clean Your Room from Top to Bottom,https://www.wikihow.com/Clean-Your-Room
Housekeeping,4,Cleaning Tattoos and Piercings,Cleaning Tattoos and Piercings,https://www.wikihow.com/Category:Cleaning-Tattoos-and-Piercings
Housekeeping,4,Cleaning Up After Dogs - how to articles from wikiHow,Cleaning Up After Dogs,https://www.wikihow.com/Category:Cleaning-Up-After-Dogs
Housekeeping,4,3 Ways to Clean Plexiglass,How to Clean Plexiglass,https://www.wikihow.com/Clean-Plexiglass
Housekeeping,4,Cleaning Tiles and Grout - how to articles from wikiHow,Cleaning Tiles and Grout,https://www.wikihow.com/Category:Cleaning-Tiles-and-Grout
Housekeeping,4,3 Ways to Clean a Down Pillow,How to Clean a Down Pillow,https://www.wikihow.com/Clean-a-Down-Pillow
Housekeeping,4,How to Detail a Car with a Steam Cleaner,How to Detail a Car with a Steam Cleaner,https://www.wikihow.com/Detail-a-Car-with-a-Steam-Cleaner
Housekeeping,4,How to Keep Your Room Clean & Organized: 9 Helpful Tips,9 Simple Habits to Keep Your Room Clean (& How to Do a Deep Clean),https://www.wikihow.com/Keep-Your-Room-Clean
Housekeeping,4,"How to Clean Chrome with Vinegar, Soap, Baking Soda & ...","6 Ways to Clean and Polish Chrome, According to Cleaning Experts",https://www.wikihow.com/Clean-Chrome
Housekeeping,4,How to Clean Your Room (Teens) (with Pictures),How to Clean Your Room (Teens),https://www.wikihow.com/Clean-Your-Room-(Teens)
Housekeeping,4,How to Clean Your Room Quickly and Efficiently (Easy),13 Quick & Efficient Hacks for Cleaning Your Room,https://www.wikihow.com/Clean-Your-Room-Quickly-and-Efficiently
Housekeeping,4,How to Use Dryer Balls,How to Use Dryer Balls,https://www.wikihow.com/Use-Dryer-Balls
Housekeeping,4,Video: What is Waste?,Video: What is Waste?,https://www.wikihow.com/Expert-What-is-Waste
Housekeeping,4,How to Start a Cleaning Business: 15 Steps (with Pictures),How to Start a Cleaning Business,https://www.wikihow.com/Start-a-Cleaning-Business
Housekeeping,4,Simple Ways to Clean Travel Bottles: 7 Steps (with Pictures),How to Clean Travel Bottles,https://www.wikihow.com/Clean-Travel-Bottles
Housekeeping,4,Cleaning Showers - how to articles from wikiHow,Cleaning Showers,https://www.wikihow.com/Category:Cleaning-Showers
Housekeeping,4,Cleaning Ovens - how to articles from wikiHow,Cleaning Ovens,https://www.wikihow.com/Category:Cleaning-Ovens
Housekeeping,4,How to Smudge a House,How to Smudge a House,https://www.wikihow.com/Smudge-a-House
Housekeeping,4,How to Clean a Very Messy Room: 4 Simple Strategies,"Super Messy Bedroom? Easy, Stress-Free Ways to Clean Up",https://www.wikihow.com/Clean-a-Very-Messy-Room
Housekeeping,4,When & How to Clean Sensors on a Roborock Vacuum,When & How to Clean Sensors on a Roborock Vacuum,https://www.wikihow.com/Clean-a-Roborock-Sensor
Housekeeping,4,Washing Cars - how to articles from wikiHow,Washing Cars,https://www.wikihow.com/Category:Washing-Cars
Housekeeping,4,Cleaning Up After Cats - how to articles from wikiHow,Cleaning Up After Cats,https://www.wikihow.com/Category:Cleaning-Up-After-Cats
Housekeeping,4,How to Make a Vinegar Cleaning Solution: Easy DIY Recipe,How to Make Vinegar Cleaning Solution,https://www.wikihow.com/Make-a-Vinegar-Cleaning-Solution
Housekeeping,4,How to Deep Clean and Organize Your Room,How to Deep Clean and Organize Your Room,https://www.wikihow.com/Deep-Clean-and-Organize-Your-Room
Housekeeping,4,How to Quickly Clean Your House for Unexpected Guests,How to Quickly Clean Your House for Unexpected Guests,https://www.wikihow.com/Quickly-Clean-Your-House-for-Unexpected-Guests
Housekeeping,4,How to Clean Mirrors and Keep Them Streak-Free,3 Best Methods for Cleaning Mirrors and Treating Tough Stains,https://www.wikihow.com/Clean-Mirrors
Housekeeping,4,3 Ways to Remove Stains from Tiles,How to Remove Stains from Tiles,https://www.wikihow.com/Remove-Stains-from-Tiles
Housekeeping,4,4 Ways to Clean Mops,How to Clean Mops,https://www.wikihow.com/Clean-Mops
Housekeeping,4,How to Clean an Iron: 12 Ways Using Household Products,"12 Ways to Clean Your Iron’s Soleplate, Reservoir & Steam Holes",https://www.wikihow.com/Clean-an-Iron
Housekeeping,4,How to Clean a Plastic Water Tank (with Pictures),How to Clean a Plastic Water Tank,https://www.wikihow.com/Clean-a-Plastic-Water-Tank
Housekeeping,4,How to Remove Banana Stains from Fabric,How to Remove Banana Stains from Fabric,https://www.wikihow.com/Remove-Banana-Stains-from-Fabric
Housekeeping,4,4 Simple Ways to Remove Nail Polish from the Floor,How to Remove Nail Polish from the Floor,https://www.wikihow.com/Remove-Nail-Polish-from-the-Floor
Housekeeping,4,How to Remove Super Glue from Metal: 11 Easy Solutions,How to Remove Super Glue from Metal,https://www.wikihow.com/Remove-Super-Glue-from-Metal
Housekeeping,4,6 Ways to Clean a Sponge,How to Clean a Sponge,https://www.wikihow.com/Clean-a-Sponge
Housekeeping,4,4 Ways to Dewax a Table,How to Dewax a Table,https://www.wikihow.com/Dewax-a-Table
Housekeeping,4,How to Store Ice Without a Freezer for a Long Time: 15 Ways,15 Ways to Keep Ice From Melting Without a Freezer,https://www.wikihow.com/Store-Ice-Without-a-Freezer
Housekeeping,4,How to Clean with Rubbing Alcohol: 10 Steps (with Pictures),How to Clean with Rubbing Alcohol,https://www.wikihow.com/Clean-with-Rubbing-Alcohol
Housekeeping,4,3 Ways to Wash New Towels,How to Wash New Towels,https://www.wikihow.com/Wash-New-Towels
Housekeeping,4,wikiHow Expert Co-author: Jennifer Rodriguez,Jennifer Rodriguez,https://www.wikihow.com/Author/Jennifer-Rodriguez
Housekeeping,4,How to Clean Your Own Pool: 15 Steps (with Pictures),How to Clean Your Own Pool,https://www.wikihow.com/Clean-Your-Own-Pool
Housekeeping,4,How to Remove Lipstick from Clothes: 6 Best Methods,How to Remove Lipstick from Clothes,https://www.wikihow.com/Remove-Lipstick-from-Clothes
Housekeeping,4,How to Clean Up Vomit & Diarrhea Safely,"How to Clean Up Vomit & Diarrhea (Plus, Disinfect Contaminated Surfaces)",https://www.wikihow.com/Clean-Up-Vomit
Housekeeping,4,How to Clean Your House or Apartment Quickly and ...,How to Clean Your House or Apartment Quickly and Effectively,https://www.wikihow.com/Clean-Your-House-or-Apartment-Quickly-and-Effectively
Housekeeping,4,8 Effective Ways to Use Borax for Your Laundry,8 Effective Ways to Use Borax for Your Laundry,https://www.wikihow.com/Use-Borax-in-Laundry
Housekeeping,4,How to Clean Velcro: Easy Ways to Remove Lint,How to Clean Velcro & Make It Stick Again,https://www.wikihow.com/Clean-Velcro
Housekeeping,4,How to Be a Good House Guest: 13 Steps (with Pictures),How to Be a Good House Guest,https://www.wikihow.com/Be-a-Good-House-Guest
Housekeeping,4,Floor Care Appliances - how to articles from wikiHow,Floor Care Appliances,https://www.wikihow.com/Category:Floor-Care-Appliances
Housekeeping,4,How to Clean Gas Logs: 10 Steps (with Pictures),How to Clean Gas Logs,https://www.wikihow.com/Clean-Gas-Logs
Housekeeping,4,3 Ways to Clean Granite Tiles,How to Clean Granite Tiles,https://www.wikihow.com/Clean-Granite-Tiles
Housekeeping,4,How to Fold Toilet Paper: 8 Fancy Designs to Try,8 Decorative Ways to Fold Your Toilet Paper Roll,https://www.wikihow.com/Fold-Toilet-Paper
Housekeeping,4,6 Ways to Deal With a Snake in the House,How to Deal With a Snake in the House,https://www.wikihow.com/Deal-With-a-Snake-in-the-House
Housekeeping,4,How to Safely Get Rid of Rubbing Alcohol,How to Safely Get Rid of Rubbing Alcohol,https://www.wikihow.com/Dispose-of-Rubbing-Alcohol
Housekeeping,4,How to Dispose of Dish Equipment: 9 Steps (with Pictures),How to Dispose of Dish Equipment,https://www.wikihow.com/Dispose-of-Dish-Equipment
Housekeeping,4,How to Undo Zip Ties Without Breaking Them,How to Undo Zip Ties Without Breaking Them,https://www.wikihow.com/Open-Cable-Ties
Housekeeping,4,Simple Ways to Clean a Pasta Machine,How to Clean a Pasta Machine,https://www.wikihow.com/Clean-a-Pasta-Machine
Housekeeping,4,How to Use a Bissell Proheat 2X Revolution,How to Use a Bissell ProHeat 2X Revolution,https://www.wikihow.com/Use-a-Bissell-ProHeat-2X-Revolution
Housekeeping,4,How to Use Space Saver Vacuum Bags,How to Use Space Saver Vacuum Bags,https://www.wikihow.com/Use-Space-Saver-Vacuum-Packed-Bags
Housekeeping,4,3 Ways to Keep Away Lizards,How to Keep Away Lizards,https://www.wikihow.com/Keep-Away-Lizards
Housekeeping,4,8 Ways to Use Citrus Fruit Peels in the Home and Garden,How to Use Citrus Fruit Peels in the Home and Garden,https://www.wikihow.com/Use-Citrus-Fruit-Peels-in-the-Home-and-Garden
Housekeeping,4,wikiHow Expert Co-author: Brandon Beckwith,Brandon Beckwith,https://www.wikihow.com/Author/Brandon-Beckwith
Housekeeping,4,How to Open & Close Cordless Blinds the Easy Way,How to Lower and Raise Cordless Blinds,https://www.wikihow.com/Open-and-Close-Cordless-Blinds
Housekeeping,4,David Liu - wikiHow Expert Co-author,David Liu,https://www.wikihow.com/Author/David-Liu
Housekeeping,4,How to Start a Dry Cleaning Business: 9 Steps (with Pictures),How to Start a Dry Cleaning Business,https://www.wikihow.com/Start-a-Dry-Cleaning-Business
Housekeeping,4,3 Ways to Save Money on Housekeeping Costs,How to Save Money on Housekeeping Costs,https://www.wikihow.com/Save-Money-on-Housekeeping-Costs
Housekeeping,4,How to Attach a Hose to a Pressure Washer (Electric & Gas),How to Set up a Pressure Washer,https://www.wikihow.com/Set-up-a-Pressure-Washer
Housekeeping,4,How to Store an Exercise Ball: 9 Steps (with Pictures),How to Store an Exercise Ball,https://www.wikihow.com/Store-an-Exercise-Ball
Housekeeping,4,Easy Ways to Clean Black Mold in a Shower: 12 Steps,How to Clean Black Mold in a Shower,https://www.wikihow.com/Clean-Black-Mold-in-a-Shower
Housekeeping,4,Alexia Wright - wikiHow Expert Co-author,Alexia Wright,https://www.wikihow.com/Author/Alexia-Wright
Housekeeping,4,How to Dry Clean Clothes at Home: An Easy Guide,How to Clean “Dry Clean Only” Clothes,https://www.wikihow.com/Dry-Clean
Housekeeping,4,How to Remove Musty Odors from Vacuum Flasks: 11 Steps,How to Remove Musty Odors from Vacuum Flasks,https://www.wikihow.com/Remove-Musty-Odors-from-Vacuum-Flasks
Housekeeping,4,Can You Wash Towels With Clothes? Laundry Sorting Tips,Is It Okay to Wash Towels and Clothes in One Laundry Load?,https://www.wikihow.com/Can-You-Wash-Towels-with-Clothes
Housekeeping,4,3 Simple Ways to Wash an Army Uniform,How to Wash an Army Uniform,https://www.wikihow.com/Wash-an-Army-Uniform
Housekeeping,4,How to Wash Black & Blue Jeans without Fading Their Color,How to Wash Black & Blue Jeans without Fading Their Color,https://www.wikihow.com/Prevent-Jeans-from-Fading-in-the-Wash
Housekeeping,4,How to Write a Waste Management Plan,How to Write a Waste Management Plan,https://www.wikihow.com/Write-a-Waste-Management-Plan
Housekeeping,4,3 Ways to Clean Adhesive from Scissors,How to Clean Adhesive from Scissors,https://www.wikihow.com/Clean-Adhesive-from-Scissors
Housekeeping,4,How to Roll & Store Belts: Save Space and Stay Organized,"How to Roll, Store, and Organize Your Belt Collection",https://www.wikihow.com/Store-Belts
Housekeeping,4,3 Ways to Dispose of a Printer,How to Dispose of a Printer,https://www.wikihow.com/Dispose-of-a-Printer
Housekeeping,4,How to Clear Whirlpool Washer Error Code 5d,How to Clear Whirlpool Washer Error Code 5d,https://www.wikihow.com/Whirlpool-Washer-Code-5d
Housekeeping,4,How to Dispose of Wallpaper Paste: 6 Steps (with Pictures),How to Dispose of Wallpaper Paste,https://www.wikihow.com/Dispose-of-Wallpaper-Paste
Housekeeping,4,3 Ways to Prevent Clothes from Shrinking,How to Prevent Clothes from Shrinking,https://www.wikihow.com/Prevent-Clothes-from-Shrinking
Housekeeping,4,3 Ways to Store a Wet Towel After Going to the Gym,How to Store a Wet Towel After Going to the Gym,https://www.wikihow.com/Store-a-Wet-Towel-After-Going-to-the-Gym
Housekeeping,4,How to Remove Heat Stains from Wood: 10 Easy DIY Ways,How to Remove Heat Stains from Wood,https://www.wikihow.com/Remove-Heat-Stains-from-Wood
Housekeeping,4,How to Wash Knitted Blankets: 11 Steps (with Pictures),How to Wash Knitted Blankets,https://www.wikihow.com/Wash-Knitted-Blankets
Housekeeping,4,How to Clean Your Oven Without Chemicals: Natural ...,"Best Natural Oven Cleaners: Non-Toxic, Chemical-Free Options",https://www.wikihow.com/Clean-an-Oven-Without-Chemicals
Housekeeping,4,How to Separate Stuck Trash Barrels,How to Separate Stuck Trash Barrels,https://www.wikihow.com/Separate-Stuck-Trash-Barrels
Housekeeping,4,"How to Clean Slime; Get Slime Out of Carpet, Clothing & ...",Simple Ways to Remove Slime from Surfaces & Clothing,https://www.wikihow.com/Clean-Slime
Housekeeping,4,How to Clean Breast Pump Tubing: A Step-by-Step Guide,How to Clean Breast Pump Tubing,https://www.wikihow.com/Clean-Breast-Pump-Tubing
Housekeeping,4,Simple Ways to Clean Yellowed Fluorescent Light Covers,How to Clean Yellowed Fluorescent Light Covers,https://www.wikihow.com/Clean-Yellowed-Fluorescent-Light-Covers
Housekeeping,4,How to Iron Pants: 11 Steps (with Pictures),How to Iron Pants,https://www.wikihow.com/Iron-Pants
Housekeeping,4,10+ Ways to Clean Your Clipper Blades like a Pro Barber,10+ Ways to Clean Your Clipper Blades like a Pro Barber,https://www.wikihow.com/What-Can-You-Use-to-Clean-Your-Clipper-Blades
Housekeeping,4,How to Work at a Hotel (with Pictures),How to Work at a Hotel,https://www.wikihow.com/Work-at-a-Hotel
Housekeeping,4,Best Ways to Wash a Denim Jacket,How to Wash a Jean Jacket,https://www.wikihow.com/Wash-a-Jean-Jacket
Housekeeping,4,4 Ways to Do All Your Chores Within 30 Minutes,How to Do All Your Chores Within 30 Minutes,https://www.wikihow.com/Do-All-Your-Chores-Within-30-Minutes
Housekeeping,4,5 Ways to Be Neat and Tidy,How to Be Neat and Tidy,https://www.wikihow.com/Be-Neat-and-Tidy
Housekeeping,4,How to Clean a Kitchen (with Pictures),How to Clean a Kitchen,https://www.wikihow.com/Clean-a-Kitchen
Housekeeping,4,14 Ways to Clean and Organize Your Room,How to Clean and Organize Your Room,https://www.wikihow.com/Clean-and-Organize-Your-Room
Housekeeping,4,4 Ways to Spring Clean Your Room,How to Spring Clean Your Room,https://www.wikihow.com/Spring-Clean-Your-Room
Housekeeping,4,How to Be a Good Host when Friends Come to Your House,12 Tips to Be a Wonderful Host towards Your Friends,https://www.wikihow.com/Be-a-Good-Host-when-Friends-Come-to-Your-House
Housekeeping,4,How to Dust Your Entire House (with Pictures),How to Dust Your Entire House,https://www.wikihow.com/Dust-Your-Entire-House
Housekeeping,4,Simple Ways to Keep a Toilet Bowl Clean Naturally: 12 Steps,How to Keep a Toilet Bowl Clean Naturally,https://www.wikihow.com/Keep-a-Toilet-Bowl-Clean-Naturally
Housekeeping,4,How to Clean a Company Office: 7 Steps (with Pictures),How to Clean a Company Office,https://www.wikihow.com/Clean-a-Company-Office
Housekeeping,4,3 Ways to Clean the Inside of a Washing Machine,How to Clean the Inside of a Washing Machine,https://www.wikihow.com/Clean-the-Inside-of-a-Washing-Machine
Housekeeping,4,How to Remove Pencil Marks from a Wall: 7 Easy Ways,How to Remove Pencil Marks from a Wall,https://www.wikihow.com/Remove-Pencil-from-Wall
Housekeeping,4,How to Clean a Knife: Expert Tips,The Best Way to Clean Your Knives,https://www.wikihow.com/Clean-a-Knife
Housekeeping,4,How to Handle House Guests That Stay Too Long,How to Handle House Guests That Stay Too Long,https://www.wikihow.com/Handle-House-Guests-That-Stay-Too-Long
Housekeeping,4,How to Clean a Carpet by Hand: DIY Tips & Solutions,How to Wash Carpet by Hand: Deep Cleaning & Spot Cleaning,https://www.wikihow.com/Clean-a-Carpet-by-Hand
Housekeeping,4,How to Run a Small Hotel or Guesthouse (with Pictures),How to Run a Small Hotel or Guesthouse,https://www.wikihow.com/Run-a-Small-Hotel-or-Guesthouse
Housekeeping,4,How to Use a Magic Eraser: 9 Steps (with Pictures),How to Use a Magic Eraser,https://www.wikihow.com/Use-a-Magic-Eraser
Housekeeping,4,How to Clean a Stainless Steel Grill: 15 Steps (with Pictures),How to Clean a Stainless Steel Grill,https://www.wikihow.com/Clean-a-Stainless-Steel-Grill
Housekeeping,4,How to Wash a Dry Clean Only Coat at Home: Tips & Tricks,How to Dry Clean a Coat at Home: An Expert Guide,https://www.wikihow.com/Wash-a-Dry-Clean-Only-Coat-at-Home
Housekeeping,4,3 Ways to Clean a Twin Tub Washing Machine,How to Clean a Twin Tub Washing Machine,https://www.wikihow.com/Clean-a-Twin-Tub-Washing-Machine
Housekeeping,4,3 Simple Ways to Clean a Hip Flask,How to Clean a Hip Flask,https://www.wikihow.com/Clean-a-Hip-Flask
Housekeeping,4,How to Remove Yellow Stains from Plastic: 12 Easy Ways,How to Clean Yellowed & Discolored Plastic,https://www.wikihow.com/Remove-Yellow-Stains-from-Plastic
Housekeeping,4,How to Clean a Box Fan: 13 Steps (with Pictures),How to Clean a Box Fan,https://www.wikihow.com/Clean-a-Box-Fan
Housekeeping,4,How to Clean a Nebulizer: 10 Steps (with Pictures),How to Clean a Nebulizer,https://www.wikihow.com/Clean-a-Nebulizer
Housekeeping,4,How to Clean a Gas Fireplace: 11 Steps (with Pictures),How to Clean a Gas Fireplace,https://www.wikihow.com/Clean-a-Gas-Fireplace
Housekeeping,4,How to Chase Lizards out of Your House,How to Chase Lizards out of Your House,https://www.wikihow.com/Chase-Lizards-out-of-Your-House
Housekeeping,4,3 Ways to Remove Correction Fluid from Clothes,How to Remove Correction Fluid from Clothes,https://www.wikihow.com/Remove-Correction-Fluid-from-Clothes
Housekeeping,4,3 Ways to Clean Bronze,How to Clean Bronze,https://www.wikihow.com/Clean-Bronze
Housekeeping,4,House Guests - how to articles from wikiHow,House Guests,https://www.wikihow.com/Category:House-Guests
Housekeeping,4,How to Clean a Fog Machine: 13 Steps (with Pictures),How to Clean a Fog Machine,https://www.wikihow.com/Clean-a-Fog-Machine
Housekeeping,4,How to Clean Acrylic Paint Brushes: A Step-by-Step Guide,The Correct Way to Clean Acrylic Paint Brushes,https://www.wikihow.com/Clean-Acrylic-Paint-Brushes
Housekeeping,4,How to Kill Mold (with Pictures),How to Kill Mold,https://www.wikihow.com/Kill-Mold
Housekeeping,4,3 Ways to Remove Sap from Clothes,How to Remove Sap from Clothes,https://www.wikihow.com/Remove-Sap-from-Clothes
Housekeeping,4,How to Remove Rust from a Bike (with Pictures),How to Remove Rust from a Bike,https://www.wikihow.com/Remove-Rust-from-a-Bike
Housekeeping,4,How to Clean the Inside & Outside of a Gourd,How to Clean the Inside & Outside of a Gourd,https://www.wikihow.com/Clean-Gourds
Housekeeping,4,4 Ways to Remove Ink Stains from Wood Furniture,How to Remove Ink Stains from Wood Furniture,https://www.wikihow.com/Remove-Ink-Stains-from-Wood-Furniture
Housekeeping,4,How to Get Rid of Vinegar Smell: 11 Expert Solutions,How to Get Rid of Vinegar Smell,https://www.wikihow.com/Get-Rid-of-Vinegar-Smell
Housekeeping,4,How to Clean Ceilings with Smooth or Textured Finishes,The Best Ways to Clean Your Ceiling (Plus How Often to Do It),https://www.wikihow.com/Clean-Ceilings
Housekeeping,4,9 Ways to Use a Napkin with Proper Table Etiquette,How to Use a Napkin with Proper Table Etiquette,https://www.wikihow.com/Use-a-Napkin-with-Proper-Table-Etiquette
Housekeeping,4,"6 Ways to Clean Wax, Pesticides, and Bacteria from Apples","6 Ways to Clean Wax, Pesticides, and Bacteria from Apples",https://www.wikihow.com/Get-Wax-Off-Apples
Housekeeping,4,How to Be More Independent As a Teen Girl: 13 Steps,How to Be More Independent As a Teen Girl,https://www.wikihow.com/Be-More-Independent-As-a-Teen-Girl
Housekeeping,4,How to Prevent Yellow Stains on White Shirts,How to Prevent Yellow Stains on White Shirts,https://www.wikihow.com/Avoid-Yellow-Stains-on-White-Shirts
Housekeeping,4,How to Clean a Washer and Dryer: 11 Steps (with Pictures),How to Clean a Washer and Dryer,https://www.wikihow.com/Clean-a-Washer-and-Dryer
Housekeeping,4,How to Clean Up Dog Diarrhea: 10 Steps (with Pictures),How to Clean Up Dog Diarrhea,https://www.wikihow.com/Clean-Up-Dog-Diarrhea
Housekeeping,4,3 Ways to Keep Your Hotel Room Safe,How to Keep Your Hotel Room Safe,https://www.wikihow.com/Keep-Your-Hotel-Room-Safe
Housekeeping,4,How to Get Mud Out of Clothes: 12 Steps (with Pictures),How to Get Mud Out of Clothes,https://www.wikihow.com/Get-Mud-Out-of-Clothes
Housekeeping,4,How to Clean Above Ground Pool (with Pictures),How to Clean Above Ground Pool,https://www.wikihow.com/Clean-Above-Ground-Pool
Housekeeping,4,How to Dry Clean a Comforter at Home,How to Dry Clean a Comforter at Home,https://www.wikihow.com/Dry-Clean-a-Comforter-at-Home
Housekeeping,4,6 Ways to Clean Brass Handles,How to Clean Brass Handles,https://www.wikihow.com/Clean-Brass-Handles
Unknown,-1,Simple Ways to Grow Carrots Indoors,,https://www.wikihow.com/Grow-Carrots-Indoors
Laundry,3,Laundry - how to articles from wikiHow,Laundry,https://www.wikihow.com/Category:Laundry
Laundry,3,How to Sort & Separate Laundry for Washing,How to Separate Laundry: Hacks to Help You Sort & Wash Your Clothes,https://www.wikihow.com/Sort-Laundry
Laundry,3,How to Do Laundry (with Pictures),How to Do Laundry,https://www.wikihow.com/Do-Laundry
Laundry,3,8 Ways to Sort Laundry by Colors,How to Sort Laundry by Colors,https://www.wikihow.com/Sort-Laundry-by-Colors
Laundry,3,How to Read Clothing Care Labels,How to Read Washing Labels,https://www.wikihow.com/Read-Clothing-Care-Labels
Laundry,3,How to Wash Your Clothes: 12 Steps (with Pictures),How to Wash Your Clothes,https://www.wikihow.com/Wash-Your-Clothes
Laundry,3,Washing White Laundry - how to articles from wikiHow,Washing White Laundry,https://www.wikihow.com/Category:Washing-White-Laundry
Laundry,3,15 Ways to Take Care of Your Clothes,How to Take Care of Your Clothes,https://www.wikihow.com/Take-Care-of-Your-Clothes
Laundry,3,Simple Steps for Hand-Washing Your Clothes at Home,Simple Steps for Hand-Washing Your Clothes at Home,https://www.wikihow.com/Wash-Clothes-by-Hand
Laundry,3,Washing Delicates - how to articles from wikiHow,Washing Delicates,https://www.wikihow.com/Category:Washing-Delicates
Laundry,3,How to Wash Clothes That Are Brand New (with Pictures),How to Wash Clothes That Are Brand New,https://www.wikihow.com/Wash-Clothes-That-Are-Brand-New
Laundry,3,How to Use a Washing Machine: 10 Steps (with Pictures),How to Use a Washing Machine,https://www.wikihow.com/Use-a-Washing-Machine
Laundry,3,Laundry Cleaning Products - how to articles from wikiHow,Laundry Cleaning Products,https://www.wikihow.com/Category:Laundry-Cleaning-Products
Laundry,3,Treating Laundry Odors - how to articles from wikiHow,Treating Laundry Odors,https://www.wikihow.com/Category:Treating-Laundry-Odors
Laundry,3,Simple Ways to Deep Clean Clothes: 13 Steps (with Pictures),How to Deep Clean Clothes,https://www.wikihow.com/Deep-Clean-Clothes
Laundry,3,Drying Clothes - how to articles from wikiHow,Drying Clothes,https://www.wikihow.com/Category:Drying-Clothes
Laundry,3,How to Wash Darks and Lights Together,How to Wash Darks and Lights Together,https://www.wikihow.com/Wash-Darks-and-Lights-Together
Laundry,3,Washing Machines and Dryers - how to articles from wikiHow,Washing Machines and Dryers,https://www.wikihow.com/Category:Washing-Machines-and-Dryers
Laundry,3,What Is Permanent Press? How to Use This Laundry Setting,"What Does the Permanent Press Setting Do? All Your Questions, Answered",https://www.wikihow.com/What-Is-Permanent-Press
Laundry,3,How to Preserve a Signature on an Article of Clothing,How to Preserve a Signature on an Article of Clothing,https://www.wikihow.com/Preserve-a-Signature-on-an-Article-of-Clothing
Laundry,3,How to Wash Suits (Without Visiting the Dry Cleaners),How to Clean Suit Jackets at Home,https://www.wikihow.com/Wash-Suits
Laundry,3,Clothing Stains - how to articles from wikiHow,Clothing Stains,https://www.wikihow.com/Category:Clothing-Stains
Laundry,3,Video: How to Sort Laundry by Colors,How to Sort Laundry by Colors,https://www.wikihow.com/Video/Sort-Laundry-by-Colors
Laundry,3,How to Wash a Jacket in a Washing Machine,How to Wash a Jacket in a Washing Machine,https://www.wikihow.com/Wash-a-Jacket-in-a-Washing-Machine
Laundry,3,How to Use Bleach when Doing Your Laundry: 10 Steps,How to Use Bleach when Doing Your Laundry,https://www.wikihow.com/Use-Bleach-when-Doing-Your-Laundry
Laundry,3,How to Prevent Black Clothes from Fading in the Wash,How to Prevent Black Clothes from Fading in the Wash,https://www.wikihow.com/Keep-Black-Clothes-from-Fading
Laundry,3,How to Wash Shoes in a Washing Machine,How to Wash Shoes in a Washing Machine,https://www.wikihow.com/Wash-Shoes-in-a-Washing-Machine
Laundry,3,How to Decorate A Laundry Room: 14 Steps (with Pictures),How to Decorate A Laundry Room,https://www.wikihow.com/Decorate-A-Laundry-Room
Laundry,3,How to Fold Clothes: 11 Steps (with Pictures),How to Fold Clothes,https://www.wikihow.com/Fold-Clothes
Laundry,3,3 Ways to Clean Underwear,How to Clean Underwear,https://www.wikihow.com/Clean-Underwear
Laundry,3,"How to Dry Your Clothes Quickly, With or Without a Dryer",How to Dry Clothes Fast: Easy Tips & Tricks,https://www.wikihow.com/Dry-Your-Clothes-Quickly
Laundry,3,How to Use an Iron: 8 Steps (with Pictures),How to Use an Iron,https://www.wikihow.com/Use-an-Iron
Laundry,3,3 Ways to Disinfect Laundry,How to Disinfect Laundry,https://www.wikihow.com/Disinfect-Laundry
Laundry,3,Folding Clothes - how to articles from wikiHow,Folding Clothes,https://www.wikihow.com/Category:Folding-Clothes
Laundry,3,How to Use the Tub Clean Cycle on an LG Washing Machine,How to Clean LG Front and Top Loading Washers with the Tub Clean Cycle,https://www.wikihow.com/Lg-Washing-Machine-Tub-Clean
Laundry,3,How to Wash a Hoodie (+ Tips for Keeping It Soft and Fresh),An Accurate and Effective Guide to Hoodie Washing,https://www.wikihow.com/Wash-a-Hoodie
Laundry,3,Ironing - how to articles from wikiHow,Ironing,https://www.wikihow.com/Category:Ironing
Laundry,3,Dyeing Clothes and Fabric - how to articles from wikiHow,Dyeing Clothes and Fabric,https://www.wikihow.com/Category:Dyeing-Clothes-and-Fabric
Laundry,3,How to Remove Ink from Clothes: The 8 Best Cleaners,How to Get Ink Out of Clothes,https://www.wikihow.com/Remove-Ink-from-Clothes
Laundry,3,How to Work a Semi-Automatic Washing Machine,How to Work a Semi-Automatic Washing Machine: A Step-By-Step Guide,https://www.wikihow.com/Work-a-Semi-Automatic-Washing-Machine
Laundry,3,Personal Care and Style - how to articles from wikiHow,Personal Care and Style,https://www.wikihow.com/Category:Personal-Care-and-Style
Laundry,3,How to Make a Clothes Line (with Pictures),How to Make a Clothes Line,https://www.wikihow.com/Make-a-Clothes-Line
Laundry,3,Washing Machine Repairs - how to articles from wikiHow,Washing Machine Repairs,https://www.wikihow.com/Category:Washing-Machine-Repairs
Laundry,3,Wool Care - how to articles from wikiHow,Wool Care,https://www.wikihow.com/Category:Wool-Care
Laundry,3,How to Pack for a Two Week Trip Without Overpacking,How to Pack for a Two Week Trip Without Overpacking,https://www.wikihow.com/Pack-for-a-Two-Week-Trip
Laundry,3,How to Wash Dark Clothes (& Keep Them From Fading),"How to Wash Dark & Black Clothes: Temperature, Cycle & More",https://www.wikihow.com/Wash-Dark-Clothes
Laundry,3,3 Ways to Dry Clean Clothes at Home,How to Dry Clean Clothes at Home,https://www.wikihow.com/Dry-Clean-Clothes-at-Home
Laundry,3,How to Wash Delicates in the Laundry,How to Wash Delicates in the Laundry,https://www.wikihow.com/Wash-Delicates-in-the-Laundry
Laundry,3,How to Pack for a 5 Day Vacation (with Pictures),How to Pack for a 5 Day Vacation,https://www.wikihow.com/Pack-for-a-5-Day-Vacation
Laundry,3,How to Make a To Do List (with Pictures),How to Make a To Do List,https://www.wikihow.com/Make-a-To-Do-List
Laundry,3,How to Do Laundry at a Laundromat: 14 Steps (with Pictures),How to Do Laundry at a Laundromat,https://www.wikihow.com/Do-Laundry-at-a-Laundromat
Laundry,3,3 Ways to Care for Rayon,How to Care for Rayon,https://www.wikihow.com/Care-for-Rayon
Laundry,3,How to Wash a Backpack (With Pictures),How to Wash a Backpack,https://www.wikihow.com/Wash-a-Backpack
Laundry,3,How to Get Sticker Residue off Clothes According to Experts,"The Best, Fastest Ways to Get Sticker Adhesive off Your Clothes",https://www.wikihow.com/Get-Sticker-Residue-Off-Clothes
Laundry,3,How to Clean Your Pencil Case: Quick & Easy Ways,"How to Wash Your Pencil Case: Expert Tips for Plastic, Fabric, & More",https://www.wikihow.com/Clean-Your-Pencil-Case
Laundry,3,How to Add Vinegar to Laundry: 9 Steps (with Pictures),How to Add Vinegar to Laundry,https://www.wikihow.com/Add-Vinegar-to-Laundry
Laundry,3,How to Reduce Laundry Wrinkles: Tips for Washing and ...,How to Prevent Clothes from Wrinkling in the Washer and Dryer,https://www.wikihow.com/Reduce-Laundry-Wrinkles
Laundry,3,How to Wash Clothes with Shampoo: 12 Steps (with Pictures),How to Wash Clothes with Shampoo,https://www.wikihow.com/Wash-Clothes-with-Shampoo
Laundry,3,3 Ways to Make Your Own Laundry Detergent,How to Make Your Own Laundry Detergent,https://www.wikihow.com/Make-Your-Own-Laundry-Detergent
Laundry,3,"How to Wash Your Clothes With Dish Soap (Yes, It Works!)",How to Use Dish Soap as Laundry Detergent (And Whether You Should),https://www.wikihow.com/Wash-Your-Clothes-With-Dish-Liquid
Laundry,3,Baking Soda in Laundry: 12 Ways to Boost Cleaning Power,How to Use Baking Soda in Laundry for Fresher and Cleaner Clothes,https://www.wikihow.com/Add-Baking-Soda-to-Laundry
Laundry,3,How to Soften Clothes: 9 Natural & Inexpensive Alternatives,Forget Fabric Softener: These 9 Home Remedies Soften Clothes Naturally,https://www.wikihow.com/Naturally-Soften-Laundry
Laundry,3,Video: How to Do Laundry,How to Do Laundry,https://www.wikihow.com/Video/Do-Laundry
Laundry,3,6 Easy Ways to Remove Facial Tissues from Washed Clothes,How to Remove Tissues from Washed Clothes,https://www.wikihow.com/Remove-Facial-Tissues-from-Washed-Clothes
Laundry,3,How to Do Your Laundry in a Dorm - wikiHow Life,How to Do Your Laundry in a Dorm,https://www.wikihow.com/Do-Your-Laundry-in-a-Dorm
Laundry,3,How to Wash White Clothes & Keep Them Brilliant & Bright,An Easy Guide to Washing White Clothes in Your Washing Machine,https://www.wikihow.com/Wash-White-Clothes
Laundry,3,How to Get Lint off of Your Clothes in the Washing Machine,How to Get Lint off of Your Clothes in the Washing Machine,https://www.wikihow.com/Get-Rid-of-Lint-when-Washing-Clothes
Laundry,3,How to Get Laundry Detergent Stains Out of Clothes: 8 Ways,"Laundry Detergent Stains: Treatment Options, Prevention & More",https://www.wikihow.com/Get-Laundry-Detergent-Stains-Out-of-Clothes
Laundry,3,How to Use Powdered Laundry Detergent Correctly,How to Use Powdered Laundry Detergent Correctly,https://www.wikihow.com/Use-Powder-Detergent
Laundry,3,How to Use Vanish on Laundry & Carpet - Stain Removal,How to Use Vanish on Laundry & Carpet,https://www.wikihow.com/Use-Vanish
Laundry,3,11 Easy Ways to Remove Musty Smells from Clothes ...,No Need for Laundry: 11 Easy Ways to Remove Musty Smells from Clothes Without Washing Them,https://www.wikihow.com/Remove-a-Musty-Smell-from-Clothes-Without-Washing-Them
Laundry,3,3 Ways to Set Colors in Clothes,How to Set Colors in Clothes,https://www.wikihow.com/Set-Colors-in-Clothes
Laundry,3,How to Do Laundry While Traveling (with Pictures),How to Do Laundry While Traveling,https://www.wikihow.com/Do-Laundry-While-Traveling
Laundry,3,How to Make Laundry Detergent Slime - wikiHow,How to Make Laundry Detergent Slime,https://www.wikihow.com/Make-Laundry-Detergent-Slime
Laundry,3,How to Hang Clothes to Dry: Tips for Outdoors & Inside,How to Properly Hang and Air Dry Your Clothes,https://www.wikihow.com/Hang-Clothes-to-Dry
Laundry,3,How to Strip Hats: 5 Easy Steps to Deep-Clean Baseball ...,How to Laundry Strip Hats & Remove Stains (Plus Bonus Cleaning Methods),https://www.wikihow.com/Strip-Hats
Laundry,3,Video: How to Naturally Soften Laundry,Forget Fabric Softener: These 9 Home Remedies Soften Clothes Naturally,https://www.wikihow.com/Video/Naturally-Soften-Laundry
Laundry,3,How to Remove Excessive Fragrance Odors from Clothes,How to Remove Excessive Fragrance Odors from Clothes,https://www.wikihow.com/Remove-Excessive-Fragrance-Odors-from-Clothes
Laundry,3,How to Figure out How Much Laundry Soap a Front Load ...,How to Figure out How Much Laundry Soap a Front Load Washer Should Use,https://www.wikihow.com/Figure-out-How-Much-Laundry-Soap-a-Front-Load-Washer-Should-Use
Laundry,3,How to Deodorize Clothing: 10 Odor-Eliminating Suggestions,10 Ways to Deodorize Clothing,https://www.wikihow.com/Deodorize-Clothing
Laundry,3,How to Use OxiClean: 14 Laundry & Cleaning Hacks,14 Ways to Use OxiClean Around the House,https://www.wikihow.com/Use-Oxiclean
Laundry,3,3 Ways to Make Homemade Laundry Spray Starch with ...,How to Make Homemade Laundry Spray Starch with Cornstarch,https://www.wikihow.com/Make-Homemade-Laundry-Spray-Starch-with-Cornstarch
Laundry,3,"Musty Smell in Clothes: What Causes It, How to Get Rid of ...","Musty Smell in Clothes: What Causes It, How to Get Rid of It, and More",https://www.wikihow.com/What-Causes-Musty-Smell-in-Clothes
Laundry,3,How to Use Zote Soap: 11 Nifty Things You Can Do With It,11 Best Things You Can Use Zote Soap For,https://www.wikihow.com/Use-Zote-Soap
Laundry,3,How to Use Bleach in Your Washing Machine: 10 Steps,How to Use Bleach in Your Washing Machine,https://www.wikihow.com/Use-Bleach-in-Your-Washing-Machine
Laundry,3,How to Clean Up Spilled Laundry Detergent: 3 Best Ways,3 Easy Ways to Clean Up Detergent Spills from the Floor,https://www.wikihow.com/Clean-Up-Spilled-Laundry-Detergent
Laundry,3,Video: How to Add Vinegar to Laundry,How to Add Vinegar to Laundry,https://www.wikihow.com/Video/Add-Vinegar-to-Laundry
Laundry,3,How to Prevent Mold in Laundry Room,How to Prevent Mold in Laundry Room,https://www.wikihow.com/Prevent-Mold-in-Laundry-Room
Laundry,3,How to Clean Your Laundry Room: 10 Steps (with Pictures),How to Clean Your Laundry Room,https://www.wikihow.com/Clean-Your-Laundry-Room
Laundry,3,4 Ways to Teach Your Children to Do Laundry,How to Teach Your Children to Do Laundry,https://www.wikihow.com/Teach-Your-Children-to-Do-Laundry
Laundry,3,How to Strip Towels: 11 Quick & Easy Steps,How to Strip Towels,https://www.wikihow.com/Strip-Towels
Laundry,3,3 Ways to Remove Glitter from Your Clothes,How to Remove Glitter from Your Clothes,https://www.wikihow.com/Remove-Glitter-from-Your-Clothes
Laundry,3,11 Ways to Get Yellow Stains Out of White Shirts & Clothes,11 Ways to Get Yellow Stains Out of White Shirts & Clothes,https://www.wikihow.com/Remove-Yellow-Stains-from-White-Clothes
Laundry,3,How to Disconnect a Washing Machine,How to Disconnect a Washing Machine,https://www.wikihow.com/Disconnect-a-Washing-Machine
Laundry,3,How to Remove Pilling from Clothing: Easy Methods,8 Ways to Remove Pilling from Clothing,https://www.wikihow.com/Remove-Pilling-From-Clothing
Laundry,3,How to Brighten Faded Black Clothing With & Without Dye,"How to Make Black Clothes Black Again, With or Without Dye",https://www.wikihow.com/Brighten-Faded-Black-Clothing
Laundry,3,Simple Ways to Wash Linen Shirts: 12 Steps (with Pictures),How to Wash Linen Shirts,https://www.wikihow.com/Wash-Linen-Shirts
Laundry,3,How to Remove Dye Transfer Stains from Your Clothing,How to Remove Dye Transfer Stains from Your Clothing,https://www.wikihow.com/Remove-Coloring-Washed-in-to-Clothes
Laundry,3,3 Ways to Use Tide Pods,How to Use Tide Pods,https://www.wikihow.com/Use-Tide-Pods
Laundry,3,Simple Ways to Dry Clothes in a Humid Climate: 13 Steps,How to Dry Clothes in a Humid Climate,https://www.wikihow.com/Dry-Clothes-in-a-Humid-Climate
Laundry,3,wikiHow Expert Co-author: Ayad Mirjan,Ayad Mirjan,https://www.wikihow.com/Author/Ayad-Mirjan
Laundry,3,3 Simple Ways to Wash White Clothes by Hand,How to Wash White Clothes by Hand,https://www.wikihow.com/Wash-White-Clothes-by-Hand
Laundry,3,3 Ways to Get Poison Ivy or Poison Oak Off Your Clothes,How to Get Poison Ivy or Poison Oak Off Your Clothes,https://www.wikihow.com/Get-Poison-Ivy-or-Poison-Oak-Off-Your-Clothes
Laundry,3,How to Unshrink Clothes: 3 Ways to Fix Shrunken Laundry,How to Unshrink Your Clothes without Ruining Them,https://www.wikihow.com/Unshrink-Clothes
Laundry,3,How to Store Sleeping Bags - wikiHow Fitness,How to Store Sleeping Bags,https://www.wikihow.com/Store-Sleeping-Bags
Laundry,3,How to Dry Clothes Washed by Hand: Laying Flat & Hanging,How to Dry Clothes Washed by Hand,https://www.wikihow.com/Dry-Clothes-Washed-by-Hand
Laundry,3,How to Embroider Terrycloth Towels: 15 Steps (with Pictures),How to Embroider Terrycloth Towels,https://wikihow.com/Embroider-Terrycloth-Towels
Laundry,3,How to Make Silly Putty - Video,How to Make Silly Putty,https://www.wikihow.com/Video/Make-Silly-Putty
Laundry,3,How to Use a Clothes Dryer: 14 Steps (with Pictures),How to Use a Clothes Dryer,https://www.wikihow.com/Use-a-Clothes-Dryer
Laundry,3,3 Ways to Help a Family Member with Alzheimer's During ...,How to Help a Family Member with Alzheimer's During the Coronavirus Outbreak,https://wikihow.com/Help-a-Family-Member-with-Alzheimer's-During-the-Coronavirus-Outbreak
Laundry,3,4 Ways to Restore Faded Clothes,How to Restore Faded Clothes,https://www.wikihow.com/Restore-Faded-Clothes
Laundry,3,How to Pre-Soak Clothes Before Washing,How to Pre-Soak Clothes Before Washing,https://www.wikihow.com/Soak-Clothes
Laundry,3,How to Remove Grease from Clothes: 14 Easy Solutions,14 Effective Ways to Get Grease Out of Clothes,https://www.wikihow.com/Remove-Grease-from-Clothes
Laundry,3,3 Ways to Wash Cotton Polyester,How to Wash Cotton Polyester,https://www.wikihow.com/Wash-Cotton-Polyester
Laundry,3,"How to Wash & Dry Blankets: Fleece, Wool, Comforters, & ...",How to Wash a Blanket: A Quick Guide to Cleaning Any Comforter or Throw,https://www.wikihow.com/Wash-a-Blanket
Laundry,3,3 Ways to Wash Red Clothes,How to Wash Red Clothes,https://www.wikihow.com/Wash-Red-Clothes
Laundry,3,How to Wash Socks in the Sink: 12 Steps (with Pictures),How to Wash Socks in the Sink,https://www.wikihow.com/Wash-Socks-in-the-Sink
Laundry,3,How to Dry Clothes Outside (with Pictures),How to Dry Clothes Outside,https://www.wikihow.com/Dry-Clothes-Outside
Laundry,3,How to Use a Whirlpool Washing Machine,How to Use a Whirlpool Washing Machine,https://www.wikihow.com/Use-Whirlpool-Washer
Laundry,3,How to Remove Urine Smell from Clothes: Best Methods,How to Get Pee Smell Out of Clothes: Easy & Effective Methods,https://www.wikihow.com/Remove-Urine-Smell-from-Clothes
Laundry,3,How to Clean a Washing Machine Naturally: 2 Best Methods,An Expert-Approved Guide to Naturally Cleaning a Washing Machine at Home,https://www.wikihow.com/Clean-a-Washing-Machine-Naturally
Laundry,3,How to Use a Clothesline: 11 Steps (with Pictures),How to Use a Clothesline,https://www.wikihow.com/Use-a-Clothesline
Laundry,3,How to Remove the Scent of Detergent or Fabric Softener ...,How to Remove the Scent of Detergent or Fabric Softener from Clothing,https://www.wikihow.com/Remove-the-Scent-of-Detergent-or-Fabric-Softener-from-Clothing
Laundry,3,How to Run a Laundromat: 4 Steps (with Pictures),How to Run a Laundromat,https://www.wikihow.com/Run-a-Laundromat
Laundry,3,How to Get Lice Off Clothes: 6 Steps (with Pictures),How to Get Lice Off Clothes,https://www.wikihow.com/Get-Lice-Off-Clothes
Laundry,3,How to Clean Clothes in a Portable Washing Machine,How to Clean Clothes in a Portable Washing Machine,https://www.wikihow.com/Use-a-Portable-Washing-Machine
Laundry,3,How to Wash Hunting Clothes with Baking Soda to Mask ...,How to Wash Hunting Clothes with Baking Soda to Mask Your Scent,https://www.wikihow.com/Wash-Hunting-Clothes-with-Baking-Soda
Laundry,3,How to Clean a Raincoat: 7 Steps (with Pictures),How to Clean a Raincoat,https://www.wikihow.com/Clean-a-Raincoat
Laundry,3,3 Ways to Clean Dress Pants,How to Clean Dress Pants,https://www.wikihow.com/Clean-Dress-Pants
Laundry,3,3 Ways to Wash Linen,How to Wash Linen,https://www.wikihow.com/Wash-Linen
Laundry,3,How to Wash a Chest Binder: 13 Steps (with Pictures),How to Wash a Chest Binder,https://www.wikihow.com/Wash-a-Chest-Binder
Laundry,3,3 Easy Ways to Bleach White Clothes,How to Bleach White Clothes,https://www.wikihow.com/Bleach-White-Clothes
Laundry,3,How to Wash a MyPillow: Easy Care Instructions,The Best Way to Wash & Dry a MyPillow,https://www.wikihow.com/Wash-a-MyPillow
Laundry,3,How to Remove Buildup Inside a Fabric Softener Dispenser,How to Remove Buildup Inside a Fabric Softener Dispenser,https://www.wikihow.com/Clean-a-Fabric-Softener-Dispenser
Laundry,3,"How to Get Dog, Cat, and Pet Hair Out of Your Laundry","How to Get Dog, Cat, and Pet Hair Out of Your Laundry",https://www.wikihow.com/Get-Pet-Hair-Out-of-Laundry
Laundry,3,3 Ways to Bleach Cotton,How to Bleach Cotton,https://www.wikihow.com/Bleach-Cotton
Laundry,3,How to Remove the Odor of Sulfur from Clothing: 9 Steps,How to Remove the Odor of Sulfur from Clothing,https://www.wikihow.com/Remove-the-Odor-of-Sulfur-from-Clothing
Laundry,3,Even after I wash my clothes they still stink?,Even after I wash my clothes they still stink?,https://www.wikihow.com/Forum/Discussion-Even-After-I-Wash-My-Clothes-They-Still-Stink
Laundry,3,How to Get Diesel Smell Out of Clothes: 9 Household Fixes,How to Get Diesel Fuel Smell Off Your Clothes & Hands,https://www.wikihow.com/Get-Diesel-Smell-Out-of-Clothes
Laundry,3,3 Ways to Prevent Static in Laundry,How to Prevent Static in Laundry,https://www.wikihow.com/Prevent-Static-in-Laundry
Laundry,3,How to Remove Perfume Stains from Fabric: An Expert Guide,"How to Get Perfume Stains & Smells Out of Clothing, Carpeting, & More",https://www.wikihow.com/Remove-Perfume-Stains-from-Fabric
Laundry,3,Dry Cleaners: How Long They Take and When to Pick up ...,Dry Cleaners: How Long They Take and When to Pick up Your Clothes,https://www.wikihow.com/How-Long-Does-Dry-Cleaning-Take
Laundry,3,How to Remove Makeup from Clothing: Expert Tips & Advice,How to Get Makeup Out of Clothes: Easy Stain Removal Methods,https://www.wikihow.com/Remove-Makeup-from-Clothing
Laundry,3,How to Wash Tie Dyed Fabric (with Pictures),How to Wash Tie Dyed Fabric,https://www.wikihow.com/Wash-Tie-Dyed-Fabric
Laundry,3,How to Remove Formaldehyde from Clothing: 3 Easy Ways,How to Get the Formaldehyde Smell Out of Clothes,https://www.wikihow.com/Remove-Formaldehyde-from-Clothing
Laundry,3,How do I unshrink clothes I accidentally shrunk?,How do I unshrink clothes I accidentally shrunk?,https://www.wikihow.com/Forum/Discussion-How-Do-I-Unshrink-Clothes-I-Accidentally-Shrunk
Laundry,3,"How to Remove Water Stains from Fabric, Clothes & More","How to Remove Water Stains from Fabric: Treat Your Clothes, Upholstery & Carpet",https://www.wikihow.com/Remove-Water-Stains-from-Fabric
Laundry,3,3 Ways to Shrink Cotton Fabrics,How to Shrink Cotton Fabrics,https://www.wikihow.com/Shrink-Cotton-Fabrics
Laundry,3,How to Keep Whites White (with Pictures),How to Keep Whites White,https://www.wikihow.com/Keep-Whites-White
Laundry,3,Video: How to Make Laundry Detergent Slime,How to Make Laundry Detergent Slime,https://www.wikihow.com/Video/Make-Laundry-Detergent-Slime
Laundry,3,3 Ways to Wash Silk Sheets,How to Wash Silk Sheets,https://www.wikihow.com/Wash-Silk-Sheets
Laundry,3,How to Wash a Silk Pillowcase: 15 Steps (with Pictures),How to Wash a Silk Pillowcase,https://www.wikihow.com/Wash-a-Silk-Pillowcase
Laundry,3,14 Ways to Remove Pen and Printer Ink from Your Skin,14 Ways to Remove Pen and Printer Ink from Your Skin,https://www.wikihow.com/Get-Pen-off-Your-Skin
Laundry,3,How to Wash Bed Sheets by Hand: 9 Steps (with Pictures),How to Wash Bed Sheets by Hand,https://www.wikihow.com/Wash-Bed-Sheets-by-Hand
Laundry,3,3 Ways to Get Odor Out of Clothes,How to Get Odor Out of Clothes,https://www.wikihow.com/Get-Odor-Out-of-Clothes
Laundry,3,How to Make All Natural Laundry Soap,How to Make All Natural Laundry Soap,https://www.wikihow.com/Make-All-Natural-Laundry-Soap
Laundry,3,How to Fix a Leaky Washer: 9 Steps (with Pictures),How to Fix a Leaky Washer,https://www.wikihow.com/Fix-a-Leaky-Washer
Laundry,3,6 Ways to Persuade People,How to Persuade People,https://www.wikihow.com/Persuade-People
Laundry,3,3 Ways to Wash Smartwool Socks,How to Wash Smartwool Socks,https://www.wikihow.com/Wash-Smartwool-Socks
Laundry,3,3 Simple Ways to Wash Bedding,How to Wash Bedding,https://magiclinen.wikihow.com/Wash-Bedding
Laundry,3,How to Look Attractive (Guys) (with Pictures),How to Look Attractive (Guys),https://www.wikihow.com/Look-Attractive-(Guys)
Laundry,3,3 Ways to Bleach Your Clothing,How to Bleach Your Clothing,https://www.wikihow.com/Bleach-Your-Clothing
Laundry,3,3 Ways to Remove Wine Stains,How to Remove Wine Stains,https://www.wikihow.com/Remove-Wine-Stains
Plumbing,8,Plumbing - how to articles from wikiHow,Plumbing,https://www.wikihow.com/Category:Plumbing
Plumbing,8,5 Ways to Plumb a Bathroom,How to Plumb a Bathroom,https://www.wikihow.com/Plumb-a-Bathroom
Plumbing,8,Piping - how to articles from wikiHow,Piping,https://www.wikihow.com/Category:Piping
Plumbing,8,How to Measure Pipe Size: 6 Steps (with Pictures),How to Measure Pipe Size,https://www.wikihow.com/Measure-Pipe-Size
Plumbing,8,How to Fix Leaking Pipes: 8 Effective DIY Repairs,8 Easy Ways to Repair a Leaky Pipe,https://www.wikihow.com/Fix-Leaking-Pipes
Plumbing,8,MIP vs NPT Fittings: 7 Key Differences,A Comparison Between MIP and NPT Fittings,https://www.wikihow.com/Mip-vs-Npt
Plumbing,8,How Toilets Work: A Simple Parts & Plumbing Guide,How Does a Toilet Work? A Step-by-Step Breakdown,https://www.wikihow.com/How-Toilets-Work
Plumbing,8,Faucets and Taps - how to articles from wikiHow,Faucets and Taps,https://www.wikihow.com/Category:Faucets-and-Taps
Plumbing,8,How to Determine PVC Pipe Size for a Project,How to Determine PVC Pipe Size for a Project,https://www.wikihow.com/Determine-PVC-Pipe-Size-for-a-Project
Plumbing,8,Hot Water Heater Leaking? Here's What to Do,Hot Water Heater Leaking? Here's What to Do,https://www.wikihow.com/Water-Heater-Leaking
Plumbing,8,How to Apply Plumbers Tape,How to Apply Plumbers Tape,https://www.wikihow.com/Apply-Plumbers-Tape
Plumbing,8,How to Thread Pipe: 12 Steps (with Pictures),How to Thread Pipe,https://www.wikihow.com/Thread-Pipe
Plumbing,8,How to Join PPR Pipe: 13 Steps (with Pictures),How to Join PPR Pipe,https://www.wikihow.com/Join-PPR-Pipe
Plumbing,8,Blocked Drains - how to articles from wikiHow,Blocked Drains,https://www.wikihow.com/Category:Blocked-Drains
Plumbing,8,How to Hide Pipes: 10 Steps (with Pictures),How to Hide Pipes,https://www.wikihow.com/Hide-Pipes
Plumbing,8,Drains - how to articles from wikiHow,Drains,https://www.wikihow.com/Category:Drains
Plumbing,8,How to Use a Plunger: Easy Ways to Unclog Toilets & Drains,How to Properly Use a Plunger to Get Rid of Drain Clogs,https://www.wikihow.com/Use-a-Plunger
Plumbing,8,How to Sweat Copper Pipe (with Pictures),How to Sweat Copper Pipe,https://www.wikihow.com/Sweat-Copper-Pipe
Plumbing,8,How to Increase Water Pressure in Your House: 12 Fixes,How to Increase Water Pressure,https://www.wikihow.com/Increase-Water-Pressure
Plumbing,8,5 Ways to Fix a Broken Pipe,How to Fix a Broken Pipe,https://www.wikihow.com/Fix-a-Broken-Pipe
Plumbing,8,How to Cut Copper Pipe: 3 Easiest Methods,Easiest and Fastest Ways to Cut Copper Pipe to the Right Length,https://www.wikihow.com/Cut-Copper-Pipe
Plumbing,8,How to Defrost Frozen Water Pipes (And When to Call a Pro),How to Defrost Frozen Water Pipes (And When to Call a Pro),https://www.wikihow.com/Unfreeze-Water-Pipes
Plumbing,8,"How to Glue PVC Pipe: Cutting, Priming, and Cementing",How to Glue PVC Pipe,https://www.wikihow.com/Glue-PVC-Pipe
Plumbing,8,How to Unclog a Toilet with a Snake,How to Unclog a Toilet with a Snake,https://www.wikihow.com/Snake-a-Toilet
Plumbing,8,Water Heating Systems - how to articles from wikiHow,Water Heating Systems,https://www.wikihow.com/Category:Water-Heating-Systems
Plumbing,8,How to Use an Indian Bathroom: Tips & Advice for Beginners,Your Ultimate Guide to Using a Squat Toilet in India,https://www.wikihow.com/Use-an-Indian-Bathroom
Plumbing,8,How to Measure Water Pressure: 14 Steps (with Pictures),How to Measure Water Pressure,https://www.wikihow.com/Measure-Water-Pressure
Plumbing,8,Bathtubs - how to articles from wikiHow,Bathtubs,https://www.wikihow.com/Category:Bathtubs
Plumbing,8,How to Turn Off the Water Supply to a Toilet,3 Ways to Shut Off Your Toilet’s Water Supply,https://www.wikihow.com/Turn-Off-the-Water-Supply-to-a-Toilet
Plumbing,8,How to Use Teflon Tape: The Right Way to Apply It on Pipes,How to Apply Teflon Plumber’s Tape,https://www.wikihow.com/Use-Teflon-Tape
Plumbing,8,How to Hide Pipes in the Kitchen (with Pictures),How to Hide Pipes in the Kitchen,https://www.wikihow.com/Hide-Pipes-in-the-Kitchen
Plumbing,8,3 Easy Ways to Paint Pipes,How to Paint Pipes,https://www.wikihow.com/Paint-Pipes
Plumbing,8,How to Hide Outdoor Pipes,How to Hide Outdoor Pipes,https://www.wikihow.com/Hide-Outdoor-Pipes
Plumbing,8,How to Turn Your Water Back On After It's Been Shut Off,How to Turn Your Water Back On After It’s Been Shut Off,https://www.wikihow.com/Turn-Water-Back-on
Plumbing,8,Do You Tip Plumbers? When to Do It & How Much to Give,"Should You Tip Your Plumber? Your Questions, Answered",https://www.wikihow.com/Do-You-Tip-Plumbers
Plumbing,8,Waste Removal Systems - how to articles from wikiHow,Waste Removal Systems,https://www.wikihow.com/Category:Waste-Removal-Systems
Plumbing,8,3 Ways to Clean Copper Pipes,How to Clean Copper Pipes,https://www.wikihow.com/Clean-Copper-Pipes
Plumbing,8,How to Test Water Quality At Home: 3 Simple Ways,How to Check Your Water Quality with or without a Kit,https://www.wikihow.com/Test-Water-Quality
Plumbing,8,3 Ways to Make Pan Pipes,How to Make Pan Pipes,https://www.wikihow.com/Make-Pan-Pipes
Plumbing,8,3 Ways to Vent Plumbing,How to Vent Plumbing,https://www.wikihow.com/Vent-Plumbing
Plumbing,8,Basement Water Problems - how to articles from wikiHow,Basement Water Problems,https://www.wikihow.com/Category:Basement-Water-Problems
Plumbing,8,Simple Ways to Fit a Sink Waste Pipe (with Pictures),How to Fit a Sink Waste Pipe,https://www.wikihow.com/Fit-a-Sink-Waste-Pipe
Plumbing,8,How to Get a Plumbing Apprenticeship,How to Get a Plumbing Apprenticeship,https://www.wikihow.com/Get-a-Plumbing-Apprenticeship
Plumbing,8,3 Ways to Be a Plumber,How to Be a Plumber,https://www.wikihow.com/Be-a-Plumber
Plumbing,8,4 Ways to React in a Plumbing Emergency,How to React in a Plumbing Emergency,http://m.wikihow.com/React-in-a-Plumbing-Emergency
Plumbing,8,Easy Ways to Fix a Leaky Sink Trap: 12 Steps (with Pictures),How to Fix a Leaky Sink Trap,https://www.wikihow.com/Fix-a-Leaky-Sink-Trap
Plumbing,8,How to Easily Patch and Repair PVC Pipe,How to Easily Patch and Repair PVC Pipe,https://www.wikihow.com/Repair-PVC
Plumbing,8,How to Apply Plumber's Putty: 12 Steps (with Pictures),How to Apply Plumber's Putty,https://www.wikihow.com/Apply-Plumber%27s-Putty
Plumbing,8,"How to Remove Every Kind of Hose Clamp (Spring, Pinch ...","How to Remove Every Kind of Hose Clamp (Spring, Pinch, Washing Machine, and More)",https://www.wikihow.com/Remove-a-Hose-Clamp
Plumbing,8,3 Ways to Replace a Water Valve,How to Replace a Water Valve,https://www.wikihow.com/Replace-a-Water-Valve
Plumbing,8,How to Rough Plumb a Basement Bathroom (with Pictures),How to Rough Plumb a Basement Bathroom,https://www.wikihow.com/Rough-Plumb-a-Basement-Bathroom
Plumbing,8,How to Install a Bathtub (with Pictures),How to Install a Bathtub,https://www.wikihow.com/Install-a-Bathtub
Plumbing,8,How to Repair Lead Joint Hub Plumbing Pipe: 5 Steps,How to Repair Lead Joint Hub Plumbing Pipe,https://www.wikihow.com/Repair-Lead-Joint-Hub-Plumbing-Pipe
Plumbing,8,DIY Toilet Installation: A Complete How-To Guide - wikiHow,DIY Toilet Installation: A Complete How-To Guide,https://www.wikihow.com/Install-a-Toilet
Plumbing,8,How to Install a Bathroom Sink: A Complete Guide,How to Install a Bathroom Sink: A Complete Guide,https://www.wikihow.com/Install-a-Bathroom-Sink
Plumbing,8,3 Ways to Connect Pex to Copper,How to Connect Pex to Copper,https://www.wikihow.com/Connect-Pex-to-Copper
Plumbing,8,How to Replace Shower Knobs: Easy Step-by-Step Guide,How to Change Out Single & Double Shower Knobs,https://www.wikihow.com/Replace-Shower-Knobs
Plumbing,8,How to Adjust a Water Pressure Regulator Valve at Home,How to Adjust a Water Pressure Regulator,https://www.wikihow.com/Adjust-Water-Pressure-Regulator
Plumbing,8,How to Use a Pipe Cutter,How to Use a Pipe Cutter,https://www.wikihow.com/Use-a-Pipe-Cutter
Plumbing,8,4 Ways to Test Water Purity,How to Test Water Purity,https://www.wikihow.com/Test-Water-Purity
Plumbing,8,How to Solder Copper Tubing: 12 Steps (with Pictures),How to Solder Copper Tubing,https://www.wikihow.com/Solder-Copper-Tubing
Plumbing,8,3 Ways to Replace a Water Heater,How to Replace a Water Heater,https://www.wikihow.com/Replace-a-Water-Heater
Plumbing,8,How to Quickly and Easily Unclog a Toilet,How to Quickly and Easily Unclog a Toilet,https://www.wikihow.com/Unclog-a-Toilet
Plumbing,8,5 Ways to Clean a Drain Pipe,How to Clean a Drain Pipe,https://www.wikihow.com/Clean-a-Drain-Pipe
Plumbing,8,How to Snake a Shower Drain: 10 Steps (with Pictures),How to Snake a Shower Drain,https://www.wikihow.com/Snake-a-Shower-Drain
Plumbing,8,How to Unclog a Slow Running Bathroom Sink Drain,10 Easy Solutions to Unblock a Clogged Bathroom Sink Drain,https://www.wikihow.com/Unclog-a-Slow-Running-Bathroom-Sink-Drain
Plumbing,8,How to Detect Water Leaks in Walls: 13 Steps (with Pictures),How to Detect Water Leaks in Walls,https://www.wikihow.com/Detect-Water-Leaks-in-Walls
Plumbing,8,I can't call a plumber but my toilet won't unclog. What ...,I can't call a plumber but my toilet won't unclog. What can I do?,https://www.wikihow.com/Forum/Discussion-I-Cant-Call-a-Plumber-but-My-Toilet-Wont-Unclog-What-Can-I-Do
Plumbing,8,How to Clean Drains & Prevent Clogs: Expert Tips & Tricks,How to Clean & Unclog Drains Correctly,https://www.wikihow.com/Clean-Drains
Plumbing,8,How to Install a Tub Drain: 10 Steps (with Pictures),How to Install a Tub Drain,https://www.wikihow.com/Install-a-Tub-Drain
Towel Origami and Decoration,1,Towel Origami and Decoration - how to articles from wikiHow,Towel Origami and Decoration,https://www.wikihow.com/Category:Towel-Origami-and-Decoration
Towel Origami and Decoration,1,How to Fold a Towel Elephant: 15 Steps (with Pictures),How to Fold a Towel Elephant,https://www.wikihow.com/Fold-a-Towel-Elephant
Towel Origami and Decoration,1,How to Fold a Towel Swan: 6 Steps (with Pictures),How to Fold a Towel Swan,https://www.wikihow.com/Fold-a-Towel-Swan
Towel Origami and Decoration,1,How to Fold a Towel Monkey: 14 Steps (with Pictures),How to Fold a Towel Monkey,https://www.wikihow.com/Fold-a-Towel-Monkey
Towel Origami and Decoration,1,11 Simple Ways to Roll Towels for Storage,How to Roll Towels for Storage,https://www.wikihow.com/Roll-Towels-for-Storage
Towel Origami and Decoration,1,How to Make a Teddy Bear Out of a Towel (with Pictures),How to Make a Teddy Bear Out of a Towel,https://www.wikihow.com/Make-a-Teddy-Bear-Out-of-a-Towel
Towel Origami and Decoration,1,Simple Ways to Fold or Roll a Hand Towel for Your Bathroom,How to Fold & Roll a Hand Towel Like a Hotel,https://www.wikihow.com/Fold-a-Hand-Towel
Towel Origami and Decoration,1,How to Arrange Towels on a Towel Bar: 4 Display Ideas,How to Arrange Towels on a Towel Bar,https://www.wikihow.com/Arrange-Towels-on-a-Towel-Bar
Towel Origami and Decoration,1,How to Make a Paper Swan: 11 Steps (with Pictures),How to Make a Paper Swan,https://www.wikihow.com/Make-a-Paper-Swan
Towel Origami and Decoration,1,Bathroom Linen - how to articles from wikiHow,Bathroom Linen,https://www.wikihow.com/Category:Bathroom-Linen
Towel Origami and Decoration,1,3 Ways to Make a Paper Snake,How to Make a Paper Snake,https://www.wikihow.com/Make-a-Paper-Snake
Towel Origami and Decoration,1,3 Ways to Make a Paper Carnation,3 Ways to Make a Paper Carnation,https://www.wikihow.com/Make-a-Paper-Carnation
Towel Origami and Decoration,1,3 Ways to Wrap a Round Gift,How to Wrap a Round Gift,https://www.wikihow.com/Wrap-a-Round-Gift
Towel Origami and Decoration,1,4 Ways to Make a Paper Tree for Kids,How to Make a Paper Tree for Kids,https://www.wikihow.com/Make-a-Paper-Tree-for-Kids
Towel Origami and Decoration,1,3 Ways to Make a Sphere Out of Paper,How to Make a Sphere Out of Paper,https://www.wikihow.com/Make-a-Sphere-Out-of-Paper
Towel Origami and Decoration,1,How to Wrap Cylindrical Gifts: 5 Easy Ways,5 Simple Ways to Gift-Wrap a Cylinder Like a Pro,https://www.wikihow.com/Wrap-Cylindrical-Gifts
Towel Origami and Decoration,1,How to Make a Fake Fire: 14 Steps (with Pictures),How to Make a Fake Fire,https://www.wikihow.com/Make-a-Fake-Fire
Towel Origami and Decoration,1,How to Wrap a Present: An Easy Step-by-Step Guide,How to Wrap a Present Like a Pro,https://www.wikihow.com/Wrap-a-Present
Towel Origami and Decoration,1,How to Wrap Silverware in Paper Napkins,How to Wrap Silverware in Paper Napkins,https://www.wikihow.com/Wrap-Silverware-in-Paper-Napkins
Towel Origami and Decoration,1,How to Make a Cone or Funnel from Paper: 2 Easy Methods,How to Create a Cone from Paper: 2 DIY Methods,https://www.wikihow.com/Make-a-Funnel-or-Cone-from-Paper
Towel Origami and Decoration,1,Personal Hygiene - how to articles from wikiHow,Personal Hygiene,https://www.wikihow.com/Category:Personal-Hygiene
Towel Origami and Decoration,1,Bathrooms - how to articles from wikiHow,Bathrooms,https://www.wikihow.com/Category:Bathrooms
Towel Origami and Decoration,1,How to Make a Full Paper Tulip (With Pictures),Two Ways to Make an Origami Tulip,https://www.wikihow.com/Make-a-Full-Paper-Tulip
Towel Origami and Decoration,1,4 Ways to Fold Altar Linens,How to Fold Altar Linens,https://www.wikihow.com/Fold-Altar-Linens
Towel Origami and Decoration,1,How to Make Balloon Animals,"How to Make Balloon Animals: Balloon Dog, Balloon Monkey, & Balloon Swan",https://www.wikihow.com/Make-Balloon-Animals
Towel Origami and Decoration,1,11 Stylish Ways to Fold a Pocket Square,11 Stylish Ways to Fold a Pocket Square,https://www.wikihow.com/Fold-a-Handkerchief
Towel Origami and Decoration,1,3 Ways to Drape a Throw over a Sofa,How to Drape a Throw over a Sofa,https://www.wikihow.com/Drape-a-Throw-over-a-Sofa
Towel Origami and Decoration,1,How to Wrap a Gift Box: Easy Step-by-Step Guide,How to Wrap a Box Like a Pro,https://www.wikihow.com/Wrap-Gift-Boxes
Towel Origami and Decoration,1,3 Ways to Fold a Blanket,How to Fold a Blanket,https://www.wikihow.com/Fold-a-Blanket
Towel Origami and Decoration,1,How to Press Leaves: 5 Easy Methods for Perfect ...,How to Press Leaves,https://www.wikihow.com/Press-Leaves
Towel Origami and Decoration,1,How to Make a Homemade Diaper (with Pictures),How to Make a Homemade Diaper,https://www.wikihow.com/Make-a-Homemade-Diaper
Towel Origami and Decoration,1,5 Ways to Make Napkin Rings,How to Make Napkin Rings,https://www.wikihow.com/Make-Napkin-Rings
Towel Origami and Decoration,1,4 Ways to Make a Trophy,How to Make a Trophy,https://www.wikihow.com/Make-a-Trophy
Towel Origami and Decoration,1,How to Make a Rose Bouquet: A Step-by-Step DIY Guide,"How to Make a DIY Rose Bouquet with Real Flowers, Satin, or Paper",https://www.wikihow.com/Make-a-Rose-Bouquet
Towel Origami and Decoration,1,What Do the Lines on Bath Towels Mean? Mystery Solved!,Why Do Bath Towels Have Stripes on Each End?,https://www.wikihow.com/What-Do-the-Lines-on-Bath-Towels-Mean
Towel Origami and Decoration,1,4 Ways to Make Hair Wraps,How to Make Hair Wraps,https://www.wikihow.com/Make-Hair-Wraps
Towel Origami and Decoration,1,How to Make a Windsock for Children - wikiHow,How to Make a Windsock for Children,https://www.wikihow.com/Make-a-Windsock-for-Children
Towel Origami and Decoration,1,How to Make a Sash: 12 Steps (with Pictures),How to Make a Sash,https://www.wikihow.com/Make-a-Sash
Towel Origami and Decoration,1,4 Simple Ways to Decorate Salad for a Competition,How to Decorate Salad for a Competition,https://www.wikihow.com/Decorate-Salad-for-a-Competition
Towel Origami and Decoration,1,How to Make Butterflies for Cake Decorating (with Pictures),How to Make Butterflies for Cake Decorating,https://www.wikihow.com/Make-Butterflies-for-Cake-Decorating
Towel Origami and Decoration,1,4 Ways to Decorate Wine Glasses,How to Decorate Wine Glasses,https://www.wikihow.com/Decorate-Wine-Glasses
Towel Origami and Decoration,1,3 Simple Ways to Paint Paper Lanterns,How to Paint Paper Lanterns,https://www.wikihow.com/Paint-Paper-Lanterns
Towel Origami and Decoration,1,How to Make Your Backpack Look Unique (with Pictures),How to Make Your Backpack Look Unique,https://www.wikihow.com/Make-Your-Backpack-Look-Unique
Towel Origami and Decoration,1,3 Ways to Make Salt Dough,How to Make Salt Dough,https://www.wikihow.com/Make-Salt-Dough
Towel Origami and Decoration,1,3 Ways to Make a Pencil Holder from a Water Bottle,How to Make a Pencil Holder from a Water Bottle,https://www.wikihow.com/Make-a-Pencil-Holder-from-a-Water-Bottle
Towel Origami and Decoration,1,4 Ways to Decorate Your School Binder,How to Decorate Your School Binder,https://www.wikihow.com/Decorate-Your-School-Binder
Towel Origami and Decoration,1,How to Make Lime Twists: 6 Steps (with Pictures),How to Make Lime Twists,https://www.wikihow.com/Make-Lime-Twists
Towel Origami and Decoration,1,4 Simple Ways to Make Plates,How to Make Plates,https://www.wikihow.com/Make-Plates
Towel Origami and Decoration,1,How to Make an Infinity Mirror: Easy DIY Instructions,How to Make an Infinity Mirror,https://www.wikihow.com/Make-an-Infinity-Mirror
Towel Origami and Decoration,1,3 Easy Ways to Decorate an Unfinished Wooden Box,How to Decorate an Unfinished Wooden Box,https://www.wikihow.com/Decorate-an-Unfinished-Wooden-Box
Towel Origami and Decoration,1,4 Ways to Preserve Insects,How to Preserve Insects,https://www.wikihow.com/Preserve-Insects
Towel Origami and Decoration,1,How to Stencil Fabric (with Pictures),How to Stencil Fabric,https://www.wikihow.com/Stencil-Fabric
Towel Origami and Decoration,1,3 Ways to Frame Fabric,How to Frame Fabric,https://www.wikihow.com/Frame-Fabric
Towel Origami and Decoration,1,4 Ways to Lengthen Jeans,How to Lengthen Jeans,https://www.wikihow.com/Lengthen-Jeans
Towel Origami and Decoration,1,3 Ways to Keep Ribbon from Fraying,How to Keep Ribbon from Fraying,https://www.wikihow.com/Keep-Ribbon-from-Fraying
Towel Origami and Decoration,1,How to Make Henna for Use on Skin (with Pictures),How to Make Henna for Use on Skin,https://www.wikihow.com/Make-Henna-for-Use-on-Skin
Towel Origami and Decoration,1,How to Choose Embroidery Fabric: 11 Steps (with Pictures),How to Choose Embroidery Fabric,https://www.wikihow.com/Choose-Embroidery-Fabric
Towel Origami and Decoration,1,How to Remove Stickers from a Laptop Safely & Effectively,The Best Ways to Get Stickers Off a Laptop Without Damage,https://www.wikihow.com/Remove-Stickers-from-a-Laptop
Towel Origami and Decoration,1,4 Ways to Make a Glitter Bomb,How to Make a Glitter Bomb,https://www.wikihow.com/Make-a-Glitter-Bomb
Towel Origami and Decoration,1,Easy Ways to Plant Calamansi: 15 Steps (with Pictures),How to Plant Calamansi,https://www.wikihow.com/Plant-Calamansi
Towel Origami and Decoration,1,40 Easy Hairstyles for Long Hair: Step-by-Step Tutorials,"40 Cute & Easy Hairstyles for Long Hair: Buns, Braids & More!","https://www.wikihow.com/Do-Simple,-Quick-Hairstyles-for-Long-Hair"
Towel Origami and Decoration,1,How to Make a DIY Candle with Coffee Grounds or Beans,How to Make a DIY Candle with Coffee Grounds or Beans,https://www.wikihow.com/Make-a-Coffee-Candle
Towel Origami and Decoration,1,How to Make a Hard Cover for a Paperback Book,How to Convert a Paperback Book to Hardcover,https://www.wikihow.com/Make-a-Hard-Cover-for-a-Paperback-Book
Towel Origami and Decoration,1,3 Ways to Tie Dye Paper,How to Tie Dye Paper,https://www.wikihow.com/Tie-Dye-Paper
Towel Origami and Decoration,1,How to Apply Glaze over Chalk Paint,How to Apply Glaze over Chalk Paint,https://www.wikihow.com/Apply-Glaze-over-Chalk-Paint
Towel Origami and Decoration,1,How to Make a Rain Stick: 10 Steps (with Pictures),How to Make a Rain Stick,https://www.wikihow.com/Make-a-Rain-Stick
Towel Origami and Decoration,1,Simple Ways to Store Rhubarb: 14 Steps (with Pictures),How to Store Rhubarb,https://www.wikihow.com/Store-Rhubarb
Towel Origami and Decoration,1,How to Do Needlepoint: 13 Steps (with Pictures),How to Do Needlepoint,https://www.wikihow.com/Do-Needlepoint
Towel Origami and Decoration,1,4 Ways to Make Cufflinks,How to Make Cufflinks,https://www.wikihow.com/Make-Cufflinks
Towel Origami and Decoration,1,How to Clean an Artificial Christmas Tree,How to Clean an Artificial Christmas Tree,https://www.wikihow.com/Clean-an-Artificial-Christmas-Tree
Towel Origami and Decoration,1,3 Ways to Make a Bomb Bag,How to Make a Bomb Bag,https://www.wikihow.com/Make-a-Bomb-Bag
Towel Origami and Decoration,1,9 Ways to Shape and Decorate Bread Before Baking,How to Shape and Decorate Bread Before Baking,https://www.wikihow.com/Shape-and-Decorate-Bread-Before-Baking
Towel Origami and Decoration,1,How to Make a Bow for a Christmas Tree Topper: 9 Steps,How to Make a Bow for a Christmas Tree Topper,https://www.wikihow.com/Make-a-Bow-for-a-Christmas-Tree-Topper
Towel Origami and Decoration,1,How to Clean Your Room Fast (with Pictures),How to Clean Your Room Fast,http://m.wikihow.com/Clean-Your-Room-Fast
Towel Origami and Decoration,1,How to Clean an Umbilical Cord Stump on a Newborn Baby,How to Clean an Umbilical Cord Stump on a Newborn Baby,https://www.wikihow.com/Clean-an-Umbilical-Cord-Stump-on-a-Newborn-Baby
Towel Origami and Decoration,1,How to Make a Diaper Cake: A Complete Tutorial,Two Easy Ways to Make a Nappy Cake Plus Decorating Ideas,https://www.wikihow.com/Make-a-Diaper-Cake
Towel Origami and Decoration,1,5 Ways to Celebrate Your Girlfriend's Birthday,How to Celebrate Your Girlfriend's Birthday,https://m.wikihow.com/Celebrate-Your-Girlfriend's-Birthday
Unknown,-1,4 Ways to Make Laundry Smell Good,How to Make Laundry Smell Good,https://www.wikihow.com/Make-Laundry-Smell-Good
Unknown,-1,How to Iron or Steam a Suit Jacket at Home,How to Iron or Steam a Suit Jacket at Home,https://www.wikihow.com/Iron-a-Suit-Jacket
Unknown,-1,3 Ways to Wash Flannel Sheets,How to Wash Flannel Sheets,https://www.wikihow.com/Wash-Flannel-Sheets
Unknown,-1,3 Ways to Wash Stuffed Toys,How to Wash Stuffed Toys,https://www.wikihow.com/Wash-Stuffed-Toys
Unknown,-1,How to Fold T-Shirts Quickly (Plus Other Clothing Items!),How to Fold T-Shirts Quickly (Plus Other Clothing Items!),https://www.wikihow.com/Fold-a-T%E2%80%90Shirt-in-Two-Seconds
Unknown,-1,Easy Ways to Shrink Jeans,How to Shrink Jeans,https://www.wikihow.com/Shrink-Jeans
Unknown,-1,How to Bleach Linen: 9 Steps (with Pictures),How to Bleach Linen,https://www.wikihow.com/Bleach-Linen
Unknown,-1,3 Ways to Clean a Washer with Bleach,How to Clean a Washer with Bleach,https://www.wikihow.com/Clean-a-Washer-with-Bleach
Unknown,-1,3 Ways to Remove Mildew Smell from Clothing,How to Remove Mildew Smell from Clothing,https://www.wikihow.com/Remove-Mildew-Smell-from-Clothing
Unknown,-1,32 Types of Fabric & Textiles + When to Use Them,The 32 Types of Fabric Everyone Should Know,https://www.wikihow.com/Types-of-Fabric
Unknown,-1,How to Remove Dried Blood Stains from Fabric: Expert Tips,How to Get Dried Blood Out of Fabric & Clothing,https://www.wikihow.com/Remove-Dried-Blood-Stains-from-Fabric
Unknown,-1,How to Tie Dye a Shirt the Quick and Easy Way,How to Tie Dye a Shirt the Quick and Easy Way,https://www.wikihow.com/Tie-Dye-a-Shirt-the-Quick-and-Easy-Way
Unknown,-1,4 Ways to Remove Ball Point Pen Stains from Cotton,How to Remove Ball Point Pen Stains from Cotton,https://www.wikihow.com/Remove-Ball-Point-Pen-Stains-from-Cotton
Unknown,-1,How to Clean Faux Suede (with Pictures),How to Clean Faux Suede,https://www.wikihow.com/Clean-Faux-Suede
Unknown,-1,6 Ways to Handwash a Stuffed Animal,How to Handwash a Stuffed Animal,https://www.wikihow.com/Handwash-a-Stuffed-Animal
Unknown,-1,How to Get Wrinkles Out of Tulle: 7 Quick & Easy Methods,How to Unwrinkle Tulle (With or Without a Steamer or Iron),https://www.wikihow.com/Get-Wrinkles-Out-of-Tulle
Unknown,-1,How to Wash a Build a Bear: 3 Methods to Clean & Dry Them,How to Wash a Build A Bear,https://www.wikihow.com/Wash-a-Build-A-Bear
Unknown,-1,How to Clean a Steam Iron and Its Base Plate,How to Clean a Steam Iron and Its Base Plate,https://www.wikihow.com/Clean-the-Steam-Iron-and-Its-Base-Plate
Unknown,-1,"How to Remove Blueberry Stains: Clothes, Upholstery & ...",How to Remove Blueberry Stains,https://www.wikihow.com/Remove-Blueberry-Stain
Unknown,-1,How to Wear a Karate Gi: 11 Steps (with Pictures),How to Wear a Karate Gi,https://www.wikihow.com/Wear-a-Karate-Gi
Unknown,-1,How to Spin Wool (with Pictures),How to Spin Wool,https://www.wikihow.com/Spin-Wool
Unknown,-1,3 Ways to Clean Ink off the Inside of a Dryer,How to Clean Ink off the Inside of a Dryer,https://www.wikihow.com/Clean-Ink-off-the-Inside-of-a-Dryer
Unknown,-1,How to Ice Dye: Create Colorful DIY Fabrics in 12 Steps,How to Ice Dye: Easy & Creative Tie-Dye Technique,https://www.wikihow.com/Ice-Dye
Unknown,-1,3 Ways to Preserve Leaf Color,How to Preserve Leaf Color,https://www.wikihow.com/Preserve-Leaf-Color
Unknown,-1,3 Ways to Clean Stains off a Suede Purse,How to Clean Stains off a Suede Purse,https://www.wikihow.com/Clean-Stains-off-a-Suede-Purse
Unknown,-1,How to Remove Paint from Jeans,How to Remove Paint from Jeans,https://www.wikihow.com/Get-Paint-Out-of-Jeans
Unknown,-1,17 Best (Legal) Ways to Annoy Your Neighbor,How to Annoy Your Neighbor,https://www.wikihow.com/Annoy-Your-Neighbor
Unknown,-1,How to Fix a Stuck Zipper: 3 Easy Methods,3 Quick and Easy Ways to Fix a Broken Zipper,https://www.wikihow.com/Fix-a-Stuck-Zipper
Unknown,-1,6 Ways to Clean a Stuffed Animal,How to Clean a Stuffed Animal,https://www.wikihow.com/Clean-a-Stuffed-Animal
Unknown,-1,How to Clean Smoke Damage (with Pictures),How to Clean Smoke Damage,https://www.wikihow.com/Clean-Smoke-Damage
Unknown,-1,How to Get Cat Pee Stains & Odors Out of Your Clothes,How to Get Cat Pee Stains & Odors Out of Your Clothes,https://www.wikihow.com/Get-Cat-Urine-Smell-Out-of-Clothes
Unknown,-1,3 Easy Ways to Cover a Dryer Vent Hole,How to Cover a Dryer Vent Hole,https://www.wikihow.com/Cover-a-Dryer-Vent-Hole
Washing Machines and Dryers,7,How to Find the Model Number of Your Washing Machine,How to Locate a Washing Machine Model Number,https://www.wikihow.com/Find-Washing-Machine-Model-Number
Washing Machines and Dryers,7,How to Move Your Washer and Dryer (with Pictures),How to Move Your Washer and Dryer,https://www.wikihow.com/Move-Your-Washer-and-Dryer
Washing Machines and Dryers,7,How to Buy a Stackable Washer and Dryer,How to Buy a Stackable Washer and Dryer,https://www.wikihow.com/Buy-a-Stackable-Washer-and-Dryer
Washing Machines and Dryers,7,Whirlpool Washer Troubleshooting: Solutions for Everything,How to Troubleshoot Your Whirlpool Washer,https://www.wikihow.com/Whirlpool-Washer-Troubleshooting
Washing Machines and Dryers,7,How to Hook up a Washer and Dryer: A Simple Guide,How to Install a Washer and Dryer,https://www.wikihow.com/Hook-up-a-Washer-and-Dryer
Washing Machines and Dryers,7,How to Stack a Washer and Dryer: 10 Steps (with Pictures),How to Stack a Washer and Dryer,https://www.wikihow.com/Stack-a-Washer-and-Dryer
Washing Machines and Dryers,7,3 Ways to Unlock a Whirlpool Washer,How to Unlock a Whirlpool Washer,https://www.wikihow.com/Unlock-a-Whirlpool-Washer
Washing Machines and Dryers,7,How to Know if You Should Replace Your Dryer: 10 Steps,How to Know if You Should Replace Your Dryer,https://www.wikihow.com/Know-if-You-Should-Replace-Your-Dryer
Washing Machines and Dryers,7,How to Unlock a Samsung Washer: 6 Easy Solutions,Samsung Washer Door Locked and Not Opening? Try One of These Solutions,https://www.wikihow.com/Unlock-Samsung-Washer
Washing Machines and Dryers,7,How to Unlock a Washing Machine Door: 4 Easy Solutions,How to Release a Stuck Washing Machine Door,https://www.wikihow.com/Unlock-a-Washing-Machine-Door
Washing Machines and Dryers,7,3 Ways to Level a Washing Machine,How to Level a Washing Machine,https://www.wikihow.com/Level-a-Washing-Machine
Washing Machines and Dryers,7,How to Clean a Washing Machine Filter: Quick & Easy Steps,How to Find and Clean the Filter in Your Washing Machine,https://www.wikihow.com/Clean-a-Washing-Machine-Filter
Washing Machines and Dryers,7,Whirpool Error Codes: Top and Front Loaders,Whirpool Error Codes: Top and Front Loaders,https://www.wikihow.com/Whirlpool-Washer-Error-Codes
Washing Machines and Dryers,7,Whirlpool Washer Not Turning On? 7 Reasons Why,How to Get Your Whirlpool Washer to Start,https://www.wikihow.com/Whirlpool-Washer-Not-Turning-on
Washing Machines and Dryers,7,3 Ways to Drain a Washing Machine by Hand,How to Drain a Washing Machine by Hand,https://www.wikihow.com/Drain-a-Washing-Machine-by-Hand
Washing Machines and Dryers,7,3 Ways to Sell a Washer and Dryer,How to Sell a Washer and Dryer,https://www.wikihow.com/Sell-a-Washer-and-Dryer
Washing Machines and Dryers,7,4 Ways to Hide the Washer and Dryer in the Kitchen,How to Hide the Washer and Dryer in the Kitchen,https://www.wikihow.com/Hide-the-Washer-and-Dryer-in-the-Kitchen
Washing Machines and Dryers,7,How to Clean and Deodorize a Whirlpool Washer,How to Clean and Deodorize a Whirlpool Washer,https://www.wikihow.com/Clean-Whirlpool-Washer
Washing Machines and Dryers,7,Easy Ways to Clean a Top Loading Washing Machine,Easy Ways to Clean a Top Loading Washing Machine,https://www.wikihow.com/Clean-Top-Loading-Washing-Machine
Washing Machines and Dryers,7,How to Clean Your Front or Top-Loading Samsung Washer,How to Clean Your Front or Top-Loading Samsung Washer,https://www.wikihow.com/Clean-Samsung-Washer
Washing Machines and Dryers,7,How to Install a Washing Machine: 10 Steps (with Pictures),How to Install a Washing Machine,https://www.wikihow.com/Install-a-Washing-Machine
Washing Machines and Dryers,7,How to Wash Dress Shirts in the Washing Machine: 15 Steps,How to Wash Dress Shirts in the Washing Machine,https://www.wikihow.com/Wash-Dress-Shirts-in-the-Washing-Machine
Washing Machines and Dryers,7,How to Check a Thermostat in a Dryer: 5 Steps (with Pictures),How to Check a Thermostat in a Dryer,https://www.wikihow.com/Check-a-Thermostat-in-a-Dryer
Washing Machines and Dryers,7,Dryer Repairs - how to articles from wikiHow,Dryer Repairs,https://www.wikihow.com/Category:Dryer-Repairs
Washing Machines and Dryers,7,How to Reset Your GE Washing Machine,How to Reset Your GE Washing Machine,https://www.wikihow.com/Reset-Ge-Washer
Washing Machines and Dryers,7,How to Reset a Samsung Washer,Everything You Need to Know About Resetting Samsung Washers,https://www.wikihow.com/Reset-Samsung-Washer
Washing Machines and Dryers,7,How to Troubleshoot a Dryer That Won't Heat: 9 DIY Fixes,How to Troubleshoot a Dryer That Won't Heat: 9 DIY Fixes,https://www.wikihow.com/Dryer-Not-Heating
Washing Machines and Dryers,7,How to Fix F3 E1 Errors on Whirlpool Washers,How to Fix F3 E1 Errors on Whirlpool Washers,https://www.wikihow.com/E1-F3-Whirlpool-Washer
Washing Machines and Dryers,7,How to Fix a Whirlpool Washer That Won't Drain,How to Fix a Whirlpool Washer That Won't Drain,https://www.wikihow.com/Whirlpool-Washer-Not-Draining
Washing Machines and Dryers,7,How to Change the Heating Element in a Dryer: 8 Steps,How to Change the Heating Element in a Dryer,https://www.wikihow.com/Change-the-Heating-Element-in-a-Dryer
Washing Machines and Dryers,7,How to Winterize Your Washer: 13 Steps (with Pictures),How to Winterize Your Washer,https://www.wikihow.com/Winterize-Your-Washer
Washing Machines and Dryers,7,Why Your Whirlpool Dryer Won't Get Hot (And How to Fix It),Why Your Whirlpool Dryer Won’t Get Hot (And How to Fix It),https://www.wikihow.com/Whirlpool-Dryer-Not-Heating
Washing Machines and Dryers,7,Why Your Dryer Won't Spin and How to Fix It,Why Your Dryer Won't Spin and How to Fix It,https://www.wikihow.com/Dryer-Not-Spinning
Washing Machines and Dryers,7,How to Install a Gas Dryer (with Pictures),How to Install a Gas Dryer,https://www.wikihow.com/Install-a-Gas-Dryer
Washing Machines and Dryers,7,Easy Ways to Test the Heating Element in a Dryer: 13 Steps,How to Test the Heating Element in a Dryer,https://www.wikihow.com/Test-the-Heating-Element-in-a-Dryer
Washing Machines and Dryers,7,11 Ways to Get Rid of Your Old Washer and Dryer,11 Ways to Get Rid of Your Old Washer and Dryer,https://www.wikihow.com/What-to-Do-with-Old-Washer-and-Dryer
Washing Machines and Dryers,7,How to Troubleshoot a GE Dryer That Won't Heat,How to Troubleshoot a GE Dryer That Won't Heat,https://www.wikihow.com/Ge-Dryer-Not-Heating
Washing Machines and Dryers,7,How to Dry Shoes in the Dryer: 9 Steps (with Pictures),How to Dry Shoes in the Dryer,https://www.wikihow.com/Dry-Shoes-in-the-Dryer
Washing Machines and Dryers,7,4 Ways to Troubleshoot a Dryer That Smells Like It Is Burning,How to Troubleshoot a Dryer That Smells Like It Is Burning,https://www.wikihow.com/Troubleshoot-a-Dryer-That-Smells-Like-It-Is-Burning
Washing Machines and Dryers,7,How to Wash Towels (with Pictures),How to Wash Towels,https://www.wikihow.com/Wash-Towels
Washing Machines and Dryers,7,3 Ways to Make Dryer Sheets,How to Make Dryer Sheets,https://www.wikihow.com/Make-Dryer-Sheets
Washing Machines and Dryers,7,How to Save Energy in Your Home (with Pictures),How to Save Energy in Your Home,https://www.wikihow.com/Save-Energy-in-Your-Home
Washing Machines and Dryers,7,4 Ways to Calculate Wattage,How to Calculate Wattage,https://www.wikihow.com/Calculate-Wattage
Washing Machines and Dryers,7,How to Blow Dry Hair Straight: Tips for the Perfect Blowout,How to Straighten Hair With a Blow Dryer,https://www.wikihow.com/Blow-Dry-Hair-Straight
Washing Machines and Dryers,7,How to Open a Car Wash Business: 14 Steps (with Pictures),How to Open a Car Wash Business,https://www.wikihow.com/Open-a-Car-Wash-Business
Washing Machines and Dryers,7,How to Remove Static Electricity from Your Body & Home,How to Reduce Static Electricity Quickly & Easily: Expert-Backed Tips,https://www.wikihow.com/Remove-Static-Electricity
Washing Machines and Dryers,7,3 Easy Ways to Strengthen Weak Hair Roots,How to Strengthen Weak Hair Roots,https://www.wikihow.com/Strengthen-Weak-Hair-Roots
Washing Machines and Dryers,7,How to Clean Makeup Brushes at Home Like a Pro,How to Wash Makeup Brushes: A Step-by-Step Guide,https://www.wikihow.com/Clean-Makeup-Brushes
Washing Machines and Dryers,7,Video: How to Clean a Washing Machine Filter,How to Find and Clean the Filter in Your Washing Machine,https://www.wikihow.com/Video/Clean-a-Washing-Machine-Filter
Washing Machines and Dryers,7,Video: How to Install a Gas Dryer,How to Install a Gas Dryer,https://www.wikihow.com/Video/Install-a-Gas-Dryer
Washing Machines and Dryers,7,Video: How to Wash Dress Shirts in the Washing Machine,How to Wash Dress Shirts in the Washing Machine,https://www.wikihow.com/Video/Wash-Dress-Shirts-in-the-Washing-Machine
Washing Machines and Dryers,7,How to Install a Whirlpool Electric Dryer (with Pictures),How to Install a Whirlpool Electric Dryer,https://www.wikihow.com/Install-a-Whirlpool-Electric-Dryer
Washing Machines and Dryers,7,How to Change a Clothes Dryer Belt: An Easy Repair Guide,How to Change a Clothes Dryer Belt,https://www.wikihow.com/Change-a-Clothes-Dryer-Belt
Washing Machines and Dryers,7,LG Dryer Error Code D80: Meaning & How to Fix It,LG Dryer Error Code D80: Meaning & How to Fix It,https://www.wikihow.com/Lg-Dryer-D80
Washing Machines and Dryers,7,How to Troubleshoot a Kenmore Dryer That Won't Heat,How to Troubleshoot a Kenmore Dryer That Won't Heat,https://www.wikihow.com/Kenmore-Dryer-Not-Heating
Washing Machines and Dryers,7,How to Troubleshoot an Amana Dryer That Won't Heat,How to Troubleshoot an Amana Dryer That Won't Heat,https://www.wikihow.com/Amana-Dryer-Not-Heating
Washing Machines and Dryers,7,How to Replace a Dryer Belt on Whirlpool Models: 8 Steps,How to Replace a Dryer Belt on Whirlpool Models,https://www.wikihow.com/Replace-a-Dryer-Belt-on-Whirlpool-Models
Washing Machines and Dryers,7,4 Ways to Install a Dryer Vent Hose,How to Install a Dryer Vent Hose,https://www.wikihow.com/Install-a-Dryer-Vent-Hose
Washing Machines and Dryers,7,Samsung Dryer Not Heating? 12 Troubleshooting Tips,How to Fix a Samsung Dryer That Isn’t Heating,https://www.wikihow.com/Samsung-Dryer-Not-Heating
Washing Machines and Dryers,7,Whirlpool Cabrio Washer Error Codes Explained,Whirlpool Cabrio Washer Error Codes,https://www.wikihow.com/Whirlpool-Cabrio-Washer-Error-Codes
Washing Machines and Dryers,7,3 Simple Ways to Shrink Clothes Without a Dryer,How to Shrink Clothes Without a Dryer,https://www.wikihow.com/Shrink-Clothes-Without-a-Dryer
Washing Machines and Dryers,7,How to Wash a Gi: 10 Steps (with Pictures),How to Wash a Gi,https://www.wikihow.com/Wash-a-Gi
Washing Machines and Dryers,7,14 Ways to Reduce Hair Loss,How to Reduce Hair Loss,https://www.wikihow.com/Reduce-Hair-Loss
Washing Machines and Dryers,7,How to Remove Lint from Clothes: 14+ Easy Methods,The Best and Easiest Ways to Get Lint Off of Your Clothes,https://www.wikihow.com/Remove-Lint-from-Clothes
Washing Machines and Dryers,7,How to Wash a Zipper Hoodie (with Pictures),How to Wash a Zipper Hoodie,https://www.wikihow.com/Wash-a-Zipper-Hoodie
Washing Machines and Dryers,7,How to Remove Grass Stains from Your Favorite Jeans,How to Remove Grass Stains from Your Favorite Jeans,https://www.wikihow.com/Get-Grass-Stains-Out-of-Jeans
Washing Machines and Dryers,7,How to Remove Wrinkles from Clothes Without an Iron,How to Get Wrinkles Out of Clothes Without an Iron,https://www.wikihow.com/Remove-Wrinkles-from-Clothes-Without-an-Iron
Washing Machines and Dryers,7,3 Ways to Clean Sticky Plastic,How to Clean Sticky Plastic,https://www.wikihow.com/Clean-Sticky-Plastic
Washing Machines and Dryers,7,How to Help Save the Environment: 17 Simple Ideas & Tips,How to Save the Environment: 17 Easy & Helpful Things You Can Do at Home,https://www.wikihow.com/Help-Save-the-Environment
Washing Machines and Dryers,7,How to Make Your Sneakers Look New Again,How to Make Your Sneakers Look New Again,https://www.wikihow.com/Make-Your-Sneakers-Look-New-Again
Washing Machines and Dryers,7,How to Blow Dry Curly Hair with a Diffuser: 14 Steps,How to Blow Dry Curly Hair with a Diffuser,https://www.wikihow.com/Blow-Dry-Curly-Hair-with-a-Diffuser
Washing Machines and Dryers,7,How to Clean a Clothes Dryer: 12 Steps (with Pictures),How to Clean a Clothes Dryer,https://www.wikihow.com/Clean-a-Clothes-Dryer
Washing Machines and Dryers,7,How to Use a Self-Service Car Wash,"How to Use a Self-Service Car Wash: Washing, Rinsing, & Drying",https://www.wikihow.com/Use-a-Self-Service-Car-Wash
Washing Machines and Dryers,7,3 Ways to Dry Leather Shoes,How to Dry Leather Shoes,https://www.wikihow.com/Dry-Leather-Shoes
Washing Machines and Dryers,7,How to Unshrink Crocs: 4 Easy Methods,How to Stretch Out Shrunken Crocs So They Fit Again,https://www.wikihow.com/Unshrink-Crocs
Washing Machines and Dryers,7,"19 Ways to Stimulate Fast, Thick, Healthy Hair Growth","19 Ways to Stimulate Fast, Thick, Healthy Hair Growth",https://www.wikihow.com/Make-Your-Hair-Grow-Faster
Washing Machines and Dryers,7,4 Ways to Shrink Preshrunk Shirts,How to Shrink Preshrunk Shirts,https://www.wikihow.com/Shrink-Preshrunk-Shirts
Washing Machines and Dryers,7,3 Ways to Be Environmentally Friendly,How to Be Environmentally Friendly,https://www.wikihow.com/Be-Environmentally-Friendly
Washing Machines and Dryers,7,How to Be a Good Apartment Neighbor,How to Be a Good Apartment Neighbor,https://www.wikihow.com/Be-a-Good-Apartment-Neighbor
Washing Machines and Dryers,7,How to Remove Chewing Gum from Jeans,How Do You Get Chewing Gum Out of Jeans? A DIY Guide,https://www.wikihow.com/Remove-Chewing-Gum-from-Jeans
Washing Machines and Dryers,7,How to Save Electricity: 11 Expert Tips to Cut Bills,How to Save Electricity at Home,https://www.wikihow.com/Save-Electricity
Washing Machines and Dryers,7,"How to Remove Pet Hair from Clothes, Couches, & More",How to Get Pet Hair Off of Any Surface,https://www.wikihow.com/Remove-Pet-Hair
Washing Machines and Dryers,7,How to Go Green (with Pictures),How to Go Green,https://www.wikihow.com/Go-Green
Washing Machines and Dryers,7,How to Wash a King Size Comforter at Home: 2 Easy Ways,How to Machine Wash and Hand Wash a King Size Comforter,https://www.wikihow.com/Wash-a-King-Size-Comforter-at-Home
Washing Machines and Dryers,7,"How to Wash Electric Heated Blanket (Plus, Drying & Care)",How to Wash an Electric Blanket,https://www.wikihow.com/Wash-an-Electric-Blanket
Washing Machines and Dryers,7,What to Do if You've Washed Your AirPods: Safe Drying Tips,What to Do if You've Washed Your AirPods: Safe Drying Tips,https://www.wikihow.com/I-Washed-My-Airpods
Washing Machines and Dryers,7,How to Get Dry Erase Marker Out of Clothing in 2 Easy Ways,How to Quickly Remove Dry Erase Marker Stains from Clothes,https://www.wikihow.com/Get-Dry-Erase-Marker-Out-of-Clothing
Washing Machines and Dryers,7,4 Simple Ways to Shrink Clothes in the Dryer,How to Shrink Clothes in the Dryer,https://www.wikihow.com/Shrink-Clothes-in-the-Dryer
Washing Machines and Dryers,7,How to Wash a Neck Pillow: Cleaning Tips & Tricks,How to Wash a Neck Pillow: Cleaning Tips & Tricks,https://www.wikihow.com/Clean-a-Travel-Pillow
Washing Machines and Dryers,7,How to Dry Shoes Quickly: 5 Easy Methods,"How to Dry Shoes Fast with Newspaper, in the Dryer & More",https://www.wikihow.com/Dry-Shoes-Quickly
Washing Machines and Dryers,7,How to Stretch a Wool Sweater: Easy Un-Shrinking Hack,How to Stretch Wool Sweaters (And Prevent Shrinking Them Again),https://www.wikihow.com/Stretch-a-Wool-Sweater
Washing Machines and Dryers,7,3 Ways to Clean Lint from a Dryer,How to Clean Lint from a Dryer,https://www.wikihow.com/Clean-Lint-from-a-Dryer
Washing Machines and Dryers,7,wikiHow Expert Co-author: Safir Ali,Safir Ali,https://www.wikihow.com/Author/Safir-Ali
Washing Machines and Dryers,7,How to Clean Your Converses: 6 Effective Home Remedies,6 Easy Ways to Clean Your Converses,https://www.wikihow.com/Clean-Your-Converses
